{
  "warningText": "资源来自网络，无盈利纯技术分享！[所有内容仅供学习使用，请勿用于违法及商业用途，请勿付费购买]",
  "logo": "./dong.gif",
  "sites": [
    {
      "key": "豆瓣",
      "name": "公众号《科技天微》仅自用测试,禁传播贩卖(0101更)",
      "type": 3,
      "api": "csp_Douban",
      "searchable": 0,
      "changeable": 1
    },
    {
      "key": "配置中心",
      "name": "☀配置中心☀",
      "type": 3,
      "api": "csp_Config",
      "searchable": 0,
      "changeable": 0,
      "indexs": 0,
      "style": {
        "type": "rect",
        "ratio": 1.597
      }
    },
    {
      "key": "本地",
      "name": "☀本地🔹视频",
      "type": 3,
      "api": "csp_LocalFile"
    },
    {
      "key": "csp_Kugou",
      "name": "☀酷狗🔹音乐",
      "type": 3,
      "api": "csp_Kugou",
      "jar": "https://gitee.com/tianwikeji/jar/raw/master/Yoursmile.jar",
      "playerType": 2,
      "ext": {
        "classes": [
          {
            "type_name": "酷狗",
            "type_id": "kugou"
          }
        ]
      }
    },
    {
      "key": "急救教学",
      "name": "☀家庭🔹急救",
      "type": 3,
      "api": "csp_FirstAid",
      "searchable": 0,
      "quickSearch": 0,
      "changeable": 0,
      "style": {
        "type": "rect",
        "ratio": 3.8
      },
      "gridview": "0-0-4.1"
    },
    {
      "key": "养生堂",
      "name": "☀家庭🔹养生",
      "type": 3,
      "api": "csp_HBPQ",
      "ext": "./json/养生堂.json",
      "style": {
        "type": "rect",
        "ratio": 1.597
      }
    },
    {
      "key": "虎牙直播",
      "name": "☀虎牙🔹直播",
      "type": 3,
      "api": "./js/drpy2.min.js",
      "ext": "./js/虎牙直播.js",
      "style": {
        "type": "rect",
        "ratio": 1.597
      }
    },
    {
      "key": "斗鱼直播",
      "name": "☀斗鱼🔹直播",
      "type": 3,
      "api": "./js/drpy2.min.js",
      "ext": "./js/斗鱼直播.js",
      "style": {
        "type": "rect",
        "ratio": 1.597
      }
    },
    {
      "key": "比赛看球",
      "name": "☀比赛🔹看球",
      "type": 3,
      "api": "csp_Kanqiu",
      "gridview": 3,
      "style": {
        "type": "list"
      }
    },
    {
      "key": "央库云",
      "name": "☀央视🔹大全",
      "type": 3,
      "api": "./py/央库云.py",
      "searchable": 1,
      "changeable": 1,
      "quickSearch": 1,
      "filterable": 1,
      "playerType": 2
    },
    {
      "key": "央视影视",
      "name": "☀央视🔹栏目",
      "type": 3,
      "api": "./py/央视影视.py",
      "searchable": 1,
      "changeable": 1,
      "quickSearch": 1,
      "filterable": 1,
      "playerType": 2
    },
    {
      "key": "热播影视",
      "name": "☀热播🔹弹幕",
      "type": 3,
      "api": "csp_AppRJ",
      "searchable": 1,
      "quickSearch": 1,
      "filterable": 0,
      "ext": {
        "url": "http://v.rbotv.cn"
      }
    },
    {
      "key": "浪酷影视",
      "name": "☀浪酷🔹弹幕",
      "type": 3,
      "api": "csp_AppRJ",
      "searchable": 1,
      "quickSearch": 1,
      "filterable": 0,
      "ext": {
        "url": "http://v.lkuys.cn"
      }
    },
    
    
     {
      "key": "金牌",
      "name": "☀金牌🔹4k源",
      "type": 3,
      "searchable": 1,
      "changeable": 1,
      "api": "csp_AppQi",
      "ext": {
        "site": "https://dtqj1.gg1080.com:443/dtjp.txt",
        "dataKey": "kecbio48dsq131ed",
        "dataIv": "kecbio48dsq131ed"
      }
    },
    {
            "key": "顾我",
            "name": "顾我🔹4k源",
            "type": 3,
            "api": "csp_AppQi",
            "changeable": "1",
            "quickSearch": 0,
            "filterable": 1,
            "ext": {
                "site": "https://guwozj-1319364746.cos.ap-guangzhou.myqcloud.com/guwo.txt",
                "dataKey": "ca94b06ca3c7d80e",
                "dataIv": "ca94b06ca3c7d80e",
                "ua": "okhttp/3.10.0"
            }
        },
    
            {
            "key": "金牌影视",
            "name": "☀金牌🔹天微",
            "type": 3,
            "api": "csp_Jpys",
            "ext": "https://m.hkybqufgh.com,https://m.sizhengxt.com,https://m.9zhoukj.com,https://m.sizhengxt.com,https://m.jiabaide.cn"
        },
    
   {
      "key": "瓜子影视",
      "name": "☀瓜子🔹官源",
      "type": 3,
      "api": "csp_Gz360",
      "searchable": 1,
      "quickSearch": 1,
      "filterable": 1
    },
 {
            "key": "cat_荐片app",
            "name": "☀荐片🔹蓝光",
            "type": 3,
            "api": "./js/cat_荐片app.js",
            "ext": {
                "host": "https://api.ztcgi.com",
                "catesSet": "电影&电视剧&综艺&动漫&纪录片",
                "tabsSet": "极速蓝光"
            }
        },
                {
            "key": "柠檬",
            "name": "☀柠檬🔹蓝光",
            "type": 3,
            "api": "csp_Nmvod",
            "playerType": 2,
            "jar": "https://gitee.com/tianwikeji/jar/raw/master/柠檬.jar",
            "ext": "7lj763gg402i7942503g839jg74h8h88highi40799jh6i6k454419l0l5184k0g549h0kg2i01i838i2h42g891lgg1"
        },
        {
            "key": "巧技2",
            "name": "☀巧技🔹速播",
            "type": 3,
            "searchable": 1,
            "quickSearch": 1,
            "api": "csp_qiao2",
            "playerType": 2,
            "jar": "./lib/qj.jar",
            "ext": "7lj763gg402i7942412h849jg1558j9jl8g19213il86316k465719lik158491h179312h4934183ig2l05g9"
        },
        
                {
            "key": "紫金",
            "name": "☀紫金🔹弹幕",
            "type": 3,
            "quickSearch": 1,
            "api": "csp_AppGet",
            "ext": {
                "url": "http://www.zjcvod.com",
                "site": "",
                "dataKey": "ab4e9a421675f14b",
                "dataIv": "ab4e9a421675f14b",
                "deviceId": "",
                "version": "",
                "ua": ""
            }
        },
        
        
        {
            "key": "1905",
            "name": "☀1905🔹影视",
            "type": 3,
            "api": "csp_Web1905",
            "searchable": 1,
            "quickSearch": 0,
            "filterable": 0
        },
            {
      "key": "聚搜",
      "name": "☀聚搜🔹影视",
      "type": 3,
      "api": "./py/AppToV5.py",
      "ext": "http://101.35.85.16:5555"
    },
       {
            "key": "云云",
            "name": "☀云云🔹秒播",
            "type": 3,
            "quickSearch": 1,
            "api": "csp_AppQi",
            "ext": {
                "site": "https://staraugust123456.oss-cn-hangzhou.aliyuncs.com/2.txt",
                "dataKey": "staraugust123456",
                "dataIv": "staraugust123456",
                "version": "120"
            }
        }, 
    
       {
      "key": "还行",
      "name": "☀无意🔹影视",
      "type": 3,
      "api": "csp_AppYs",
      "searchable": 1,
      "quickSearch": 1,
      "ext": "http://m51.gotto.top/api.php/v1.vod"
    },
 

    {
      "key": "公众号",
      "name": "☀移动🔹4k源",
      "type": 3,
      "jar": "https://gitee.com/tianwikeji/jar/raw/master/YD.jar",
      "api": "csp_YDjisu",
      "searchable": 1,
      "changeable": 1
    },
            
   
    {
      "key": "仓鼠",
      "name": "☀仓鼠🔹4k源",
      "type": 3,
      "quickSearch": 1,
      "api": "csp_AppQi",
      "ext": {
        "url": "",
        "site": "https://ceshi307386.oss-cn-beijing.aliyuncs.com/ceshi421.txt",
        "dataKey": "da61247f5b662597",
        "dataIv": "da61247f5b662597",
        "deviceId": "",
        "version": "120"
      }
    },
    {
      "key": "云朵",
      "name": "☀云朵🔹4k源",
      "type": 3,
      "quickSearch": 1,
      "api": "csp_AppQi",
      "ext": {
        "url": "",
        "site": "https://staraugust123456.oss-cn-hangzhou.aliyuncs.com/2.txt",
        "dataKey": "staraugust123456",
        "dataIv": "staraugust123456",
        "deviceId": "",
        "version": "120"
      }
    },
    {
      "key": "荐片",
      "name": "☀荐片🔹磁力",
      "api": "csp_Jianpian",
      "type": 3,
      "ext": "https://api.ztcgi.com"
    },
    {
      "key": "80S",
      "name": "☀八零🔹磁力",
      "type": 3,
      "api": "csp_BLSGod",
      "playerType": 1,
      "searchable": 1,
      "quickSearch": 1,
      "filterable": 1
    },
    {
      "key": "修罗",
      "name": "☀修罗🔹磁力",
      "api": "csp_Xlys",
      "type": 3,
      "ext": "https://xl01.com.de"
    },
    
    {
      "key": "文才影视",
      "name": "☀文才🔹影视",
      "type": 3,
      "api": "./py/文才影视.py",
      "searchable": 1,
      "quickSearch": 1,
      "filterable": 1,
      "playerType": 2,
      "ext": {
        "site": "https://m.hkybqufgh.com,https://m.sizhengxt.com,https://m.9zhoukj.com,https://m.sizhengxt.com,https://m.jiabaide.cn"
      }
    },
    {
      "key": "csp_SaoHuo",
      "name": "☀骚火🔹影视",
      "type": 3,
      "jar": "https://gitee.com/tianwikeji/jar/raw/master/xm.jar",
      "api": "csp_SaoHuo"
    },

    
    {
      "key": "AppQi1",
      "name": "☀奇力🔹影视",
      "type": 3,
      "jar": "https://gitee.com/tianwikeji/jar/raw/master/xm.jar",
      "api": "csp_AppQi",
      "changeable": "0",
      "quickSearch": 0,
      "filterable": 1,
      "ext": "BciM/oLDYQqSU++RAsI5xz2Dmz98Blyw0pp0T+0QPiqzXAOG2XsUSh62armSJmz6+8BN455Lbt5tpPqGfXnKgoQ1N+ZOhu3N/KDZ+r/7HZc="
    },
    {
      "key": "星星",
      "name": "☀星星🔹秒播",
      "type": 3,
      "quickSearch": 1,
      "api": "csp_AppGet",
      "ext": {
        "url": "http://starani.qcanime.xyz",
        "dataKey": "123456789StarAni",
        "dataIv": "123456789StarAni",
        "ua": "okhttp/3.10.0 BDYS/109.0.0.8"
      }
    },
    {
      "key": "茉莉",
      "name": "☀利利🔹弹幕",
      "type": 3,
      "searchable": 1,
      "api": "csp_AppGet",
      "ext": {
        "site": "https://gitee.com/wmmoliill/wimg/raw/master/img/bk/9.txt",
        "dataKey": "88689667dce61725",
        "dataIv": "88689667dce61725"
      }
    },
    {
      "key": "云速",
      "name": "☀云速🔹速播",
      "type": 3,
      "jar": "https://gitee.com/tianwikeji/jar/raw/master/xm.jar",
      "searchable": 1,
      "quickSearch": 0,
      "api": "csp_AppQi",
      "ext": "9ee0oa0Y30GapSvZ2C2RVE2HwH08KKvP0VhAZCVWpnluXpZNLRZrNCMeKyCWw1JOnmBt4WntUB96Gzw7GkroAUK4RePU806mDtHSmD09164W8EWpaWaU/Gg8nPkgUt5F"
    },
    {
      "key": "py_jieyingshi",
      "name": "☀影界🔹蓝光",
      "type": 3,
      "api": "./PY/jieyingshi.py",
      "searchable": 1,
      "quickSearch": 0,
      "filterable": 0,
      "changeable": 0
    },
    {
      "key": "万能",
      "name": "☀万能🔹速播",
      "type": 3,
      "quickSearch": 1,
      "api": "csp_AppGet",
      "ext": {
        "url": "https://wnvod.cc",
        "site": "",
        "dataKey": "5uBvur6znNUmE3zb",
        "dataIv": "5uBvur6znNUmE3zb",
        "deviceId": "",
        "version": "",
        "ua": "myapp/1.0.3"
      }
    },

    {
      "key": "金蝉",
      "name": "☀金蝉🔹影视",
      "type": 1,
      "api": "http://zy.jinchancaiji.com/api.php/provide/vod",
      "playUrl": "json:http://114.66.40.16:7700/api.php?url="
    },
    
    {
      "key": "鲸鱼",
      "name": "☀鲸鱼🔹秒播",
      "type": 3,
      "quickSearch": 1,
      "api": "csp_AppQi",
      "ext": {
        "url": "",
        "site": "https://jingyu4k-1312635929.cos.ap-nanjing.myqcloud.com/1.json",
        "dataKey": "AAdgrdghjfgswerA",
        "dataIv": "AAdgrdghjfgswerA",
        "deviceId": "",
        "version": ""
      }
    },
   
    {
      "key": "小猪",
      "name": "☀猪猪🔹视频",
      "type": 3,
      "quickSearch": 1,
      "api": "csp_AppQi",
      "ext": {
        "url": "",
        "site": "https://tiantangyoulu.oss-cn-beijing.aliyuncs.com/tengxunyun.txt",
        "dataKey": "seb5tq9mykp2w9ry",
        "dataIv": "seb5tq9mykp2w9ry",
        "deviceId": "",
        "version": "",
        "ua": "okhttp/3.10.0"
      }
    },
    {
      "key": "蔬菜",
      "name": "☀火狐🔹视频",
      "type": 3,
      "quickSearch": 1,
      "api": "csp_AppGet",
      "ext": {
        "url": "http://huohu.yihn.cc",
        "site": "",
        "dataKey": "huohushipingetap",
        "dataIv": "huohushipingetap",
        "deviceId": "",
        "version": "140",
        "ua": ""
      }
    },
    {
      "key": "五八",
      "name": "☀五八🔹弹幕",
      "type": 3,
      "quickSearch": 1,
      "api": "csp_AppGet",
      "ext": {
        "url": "https://dy.58ys.vip",
        "site": "",
        "dataKey": "JEWibY1AgWF0V1xx",
        "dataIv": "JEWibY1AgWF0V1xx",
        "deviceId": "",
        "version": "",
        "ua": ""
      }
    },
    {
      "key": "紫金",
      "name": "☀紫金🔹弹幕",
      "type": 3,
      "quickSearch": 1,
      "api": "csp_AppGet",
      "ext": {
        "url": "http://www.zjcvod.com",
        "site": "",
        "dataKey": "ab4e9a421675f14b",
        "dataIv": "ab4e9a421675f14b",
        "deviceId": "",
        "version": "",
        "ua": ""
      }
    },
    {
      "key": "数字",
      "name": "☀数字🔹弹幕",
      "type": 3,
      "quickSearch": 1,
      "api": "csp_AppGet",
      "ext": {
        "url": "http://app1-0-0.87333.cc",
        "dataKey": "VwsHxkCViDXEExWa",
        "dataIv": "VwsHxkCViDXEExWa"
      }
    },
    {
      "key": "萝卜",
      "name": "☀萝卜🔹弹幕",
      "type": 3,
      "quickSearch": 1,
      "api": "csp_AppGet",
      "ext": {
        "url": "https://apiapplbys.lbys.app:5678",
        "dataKey": "apiapplbyskey168",
        "dataIv": "apiapplbyskey168",
        "deviceId": "",
        "version": "107"
      }
    },
    
    {
      "key": "哔哩视频",
      "name": "☀哔哩🔹视频",
      "type": 3,
      "api": "csp_BiliYS",
      "searchable": 1,
      "quickSearch": 0,
      "filterable": 0,
      "changeable": 0,
      "style": {
        "type": "rect",
        "ratio": 1.433
      },
      "ext": {
        "json": "./json/哔哩视频.json",
        "cookie": "http://127.0.0.1:9978/file/TVBox/bili_cookie.txt"
      }
    },
    {
      "key": "农民影视",
      "name": "☀农民🔹秒播",
      "type": 3,
      "api": "csp_XYQHiker",
      "searchable": 1,
      "quickSearch": 1,
      "filterable": 1,
      "ext": "./json/农民影视.json"
    },
    {
      "key": "苹果影视",
      "name": "☀苹果🔹弹幕",
      "type": 3,
      "api": "csp_LiteApple",
      "searchable": 1,
      "quickSearch": 1,
      "filterable": 1
    },
    {
      "key": "浪酷影视",
      "name": "☀浪酷🔹弹幕",
      "type": 3,
      "api": "csp_AppRJ",
      "searchable": 1,
      "quickSearch": 1,
      "filterable": 0,
      "ext": {
        "url": "http://v.lkuys.cn"
      }
    },
    {
      "key": "csp_Qiyou",
      "name": "☀奇优🔹影视",
      "type": 3,
      "jar": "https://gitee.com/tianwikeji/jar/raw/master/xm.jar",
      "api": "csp_Qiyou"
    },
    {
      "key": "闪影",
      "name": "☀闪影🔹弹幕",
      "type": 3,
      "api": "csp_AppYs",
      "searchable": 1,
      "quickSearch": 1,
      "filterable": 1,
      "ext": "http://38.47.213.61:41271/mogai_api.php/v1.vod"
    },
    {
      "key": "爱看",
      "name": "☀爱看🔹弹幕",
      "type": 3,
      "quickSearch": 1,
      "api": "csp_AppGet",
      "ext": {
        "url": "https://www.appdm.akandm.com",
        "dataKey": "uI1TkPJC8B46AyN3",
        "dataIv": "uI1TkPJC8B46AyN3"
      }
    },
    {
      "key": "驿站",
      "name": "☀客栈🔹秒播",
      "type": 3,
      "quickSearch": 1,
      "api": "csp_AppGet",
      "ext": {
        "site": "https://dyyztvappapigoodgx.68.gy:12689/ciwk28vu38io8/apiurl.txt",
        "dataKey": "dyyztvapiappyyds",
        "dataIv": "dyyztvapiappyyds"
      }
    },
    {
      "key": "量子",
      "name": "☀量子🔹秒播",
      "type": 1,
      "api": "http://cj.lziapi.com/api.php/provide/vod/",
      "searchable": 1,
      "quickSearch": 1,
      "filterable": 0,
      "playurl": "json:https://lziplayer.com/?url=",
      "categories": [
        "国产剧",
        "国产动漫",
        "泰国剧",
        "台湾剧",
        "香港剧",
        "欧美剧",
        "韩国剧",
        "日本剧",
        "动漫",
        "体育",
        "剧情片",
        "动作片",
        "爱情片",
        "喜剧片"
      ]
    },
    {
      "key": "腾讯视频",
      "name": "☀腾翼🔹天翔",
      "type": 3,
      "api": "./js/drpy2.min.js",
      "ext": "./js/腾讯视频.js"
    },
    {
      "key": "优酷视频",
      "name": "☀悠悠🔹岁月",
      "type": 3,
      "api": "./js/drpy2.min.js",
      "ext": "./js/优酷视频.js"
    },
    {
      "key": "芒果视频",
      "name": "☀茫茫🔹人海",
      "type": 3,
      "api": "./js/drpy2.min.js",
      "ext": "./js/芒果视频.js"
    },
    {
      "key": "爱奇艺",
      "name": "☀爱在🔹心意",
      "type": 3,
      "api": "./js/drpy2.min.js",
      "ext": "./js/爱奇艺.js"
    },
    {
      "key": "三六零",
      "name": "☀三六🔹秒播",
      "type": 3,
      "api": "csp_SP360"
    },
    {
      "key": "追剧弹幕",
      "name": "☀追剧🔹弹幕",
      "type": 3,
      "api": "./JS/drpy2.min.js",
      "ext": "./JS/追剧弹幕.js"
    },
    
{
            "key": "玩偶",
            "name": "💿玩偶🔹盘4K",
            "type": 3,
            "api": "csp_PanWebShare",
            "searchable": 1,
            "quickSearch": 1,
            "filterable": 1,
            "changeable": 1,
            "ext": {
                "site": [
                    "https://woog.nxog.eu.org",
                    "https://woog.nxog.fun",
                    null
                ]
            }
        },
        {
            "key": "蜡笔",
            "name": "💿蜡笔🔹盘4K",
            "type": 3,
            "api": "csp_PanWebShare",
            "searchable": 1,
            "quickSearch": 1,
            "filterable": 1,
            "changeable": 1,
            "ext": {
                "site": [
                    "https://www.labi88.sbs",
                    "https://feimao666.fun",
                    "http://feimao888.fun"
                ]
            }
        },
        {
            "key": "至臻",
            "name": "💿至臻🔹盘4K",
            "type": 3,
            "api": "csp_PanWebShare",
            "searchable": 1,
            "quickSearch": 1,
            "filterable": 1,
            "changeable": 1,
            "ext": {
                "site": [
                    "https://mihdr.top",
                    "https://www.miqk.cc",
                    "https://xiaomiai.site",
                    "https://xiaomi666.fun",
                    "https://www.mihdr.top",
                    "https://www.zhizhenpan.fun"
                ]
            }
        },
        {
            "key": "多多",
            "name": "💿多多🔹盘4K",
            "type": 3,
            "api": "csp_PanWebShare",
            "searchable": 1,
            "quickSearch": 1,
            "filterable": 1,
            "changeable": 1,
            "ext": {
                "site": [
                    "https://tv.yydsys.top",
                    "https://tv.yydsys.cc",
                    "https://tv.214521.xyz"
                ]
            }
        },
        {
            "key": "木偶",
            "name": "💿木偶🔹盘4K",
            "type": 3,
            "api": "csp_PanWebShare",
            "searchable": 1,
            "quickSearch": 1,
            "filterable": 1,
            "changeable": 1,
            "ext": {
                "site": [
                    "https://123.666291.xyz",
                    "https://666.666291.xyz",
                    "https://www.muou.site",
                    "https://www.muou.asia"
                ]
            }
        },
        
        
         {
            "key": "雷鲸",
            "name": "💿天翼🔹盘4K",
            "type": 3,
            "api": "csp_PanWebShareCloudLJ",
            "searchable": 1,
            "quickSearch": 1,
            "filterable": 1,
            "changeable": 1,
            "style": {
                "type": "list",
                "ratio": 1.433
            },
            "ext": "./json/lj.json"
        },
        {
            "key": "虎斑",
            "name": "💿虎斑🔹盘4K",
            "type": 3,
            "api": "csp_PanWebShare",
            "searchable": 1,
            "quickSearch": 1,
            "filterable": 1,
            "changeable": 1,
            "ext": {
                "site": [
                    "http://103.45.162.207:20720"
                ]
            }
        },
        {
            "key": "糖果",
            "name": "💿糖果🔹搜4K",
            "type": 3,
            "api": "csp_TGSou",
            "searchable": 1,
            "quickSearch": 1,
            "filterable": 1
        },
        {
            "key": "夸克盘搜",
            "name": "💿跨克🔹搜4K",
            "type": 3,
            "api": "csp_PanSou",
            "searchable": 1,
            "quickSearch": 1,
            "filterable": 1,
            "ext": {
                "cloudDrives": "quark"
            }
        },
        {
            "key": "UC盘搜",
            "name": "💿优汐🔹搜4K",
            "type": 3,
            "api": "csp_PanSou",
            "searchable": 1,
            "quickSearch": 1,
            "filterable": 1,
            "ext": {
                "cloudDrives": "uc"
            }
        },
        {
            "key": "百度盘搜",
            "name": "💿百肚🔹搜4K",
            "type": 3,
            "api": "csp_PanSou",
            "searchable": 1,
            "quickSearch": 1,
            "filterable": 1,
            "ext": {
                "cloudDrives": "baidu"
            }
        },
        {
            "key": "阿里云盘",
            "name": "💿我的🔹阿哩",
            "type": 3,
            "api": "csp_PanAli",
            "searchable": 0,
            "filterable": 0,
            "changeable": 0,
            "style": {
                "type": "list",
                "ratio": 1.433
            },
            "ext": "./json/aliShare.json"
        },
        {
            "key": "夸克云盘",
            "name": "💿我的🔹跨克",
            "type": 3,
            "api": "csp_PanQuark",
            "searchable": 0,
            "filterable": 0,
            "changeable": 0,
            "style": {
                "type": "list",
                "ratio": 1.433
            },
            "ext": "./json/quarkShare.json"
        },
        {
            "key": "UC",
            "name": "💿我的🔹优汐",
            "type": 3,
            "api": "csp_PanUc",
            "searchable": 0,
            "filterable": 0,
            "changeable": 0,
            "style": {
                "type": "list",
                "ratio": 1.433
            },
            "ext": "./json/ucShare.json"
        },
        {
            "key": "百度云盘",
            "name": "💿我的🔹百肚",
            "type": 3,
            "api": "csp_PanBaiDu",
            "searchable": 0,
            "filterable": 0,
            "changeable": 0,
            "style": {
                "type": "list",
                "ratio": 1.433
            }
        },
    {
      "key": "剧圈圈",
      "name": "☀剧圈🔹影院",
      "type": 3,
      "api": "./JS/drpy2.min.js",
      "ext": "./JS/剧圈圈.js"
    },
    {
      "key": "嫖嫖嫖",
      "name": "☀嫖嫖🔹秒播",
      "type": 3,
      "api": "csp_XBPQ",
      "ext": {
        "主页url": "https://www.gs4x7nq4.com/",
        "播放请求头": "User-Agent$Mozilla/5.0(WindowsNT10.0;Win64;x64)AppleWebKit/537.36(KHTML,likeGecko)Chrome/128.0.0.0Safari/537.36",
        "简介": "⚠️天微科技特别提醒您⚠️请勿相信影片中的广告，以免上当受骗❗️+</label>&&</div>",
        "嗅探词": ".mp4#.m3u8#.flv#.m3u8?#.mp4?",
        "影片类型": "tags\">&&director\">",
        "影片状态": "bottom\">&&</div>",
        "二次截取": "videoList\":\\[&&\\]",
        "数组": "{&&}[不包含:伦理剧]",
        "图片": "https+://ywxohs.com+obs.gduamoe.com&&\",",
        "标题": "vodName\":\"&&\"",
        "副标题": "vodRemarks\":\"&&\"",
        "链接": "https://www.gs4x7nq4.com/detail/+vodId\":&&,",
        "导演": "导演:</div>&&主演",
        "主演": "主演:</div>&&别名",
        "线路标题": "科技天微",
        "播放数组": "listitem\">&&info\">",
        "播放列表": "<a&&</a>",
        "倒序": "否",
        "搜索url": "https://www.gs4x7nq4.com/vod/search/{wd}",
        "搜索副标题": "class=\"boottom\"*<div>&&</div",
        "分类": "电影$1#电视剧$2#综艺$3#动漫$4",
        "分类url": "https://www.gs4x7nq4.com/vod/show/id/{cateId}/class/{class}/year/{year}/area/{area}/page/{catePg}"
      }
    },
    {
      "key": "cjzy_360资源",
      "name": "☀琉零🔹织散",
      "type": 1,
      "api": "https://360zy.com/api.php/provide/vod",
      "playUrl": "",
      "categories": [
        "国产剧",
        "国产动漫",
        "香港剧",
        "台湾剧",
        "欧美剧",
        "日韩动漫",
        "NBA",
        "短片",
        "西部片",
        "综艺片",
        "动漫片",
        "动作片",
        "喜剧片",
        "爱情片",
        "科幻片",
        "恐怖片",
        "惊悚片",
        "悬疑片",
        "犯罪片",
        "剧情片",
        "战争片",
        "家庭篇",
        "记录片",
        "历史片",
        "动漫片",
        "大陆综艺",
        "港台综艺"
      ]
    },
    {
      "key": "360zy",
      "name": "☀飞龙🔹秒播",
      "type": 1,
      "api": "https://360zy.com/api.php/provide/vod?",
      "searchable": 1,
      "changeable": 1,
      "categories": [
        "动作片",
        "喜剧片",
        "爱情片",
        "科幻片",
        "恐怖片",
        "剧情片",
        "战争片",
        "古装片",
        "悬疑片",
        "犯罪片",
        "灾难片",
        "国产剧",
        "香港剧",
        "韩国剧",
        "欧美剧",
        "台湾剧",
        "日本剧",
        "海外剧",
        "泰国剧",
        "大陆综艺",
        "港台综艺",
        "日韩综艺",
        "欧美综艺",
        "国产动漫",
        "欧美动漫",
        "日韩动漫",
        "现代都市",
        "脑洞悬疑",
        "年代穿越",
        "古装仙侠",
        "女频恋爱",
        "成长逆袭",
        "反转爽剧"
      ]
    },
    {
      "key": "八号影视",
      "name": "☀八号🔹影院",
      "type": 3,
      "api": "csp_XYQHiker",
      "searchable": 1,
      "quickSearch": 1,
      "filterable": 1,
      "ext": "./json/八号影视.json"
    },
    {
      "key": "csp_红狐狸影视",
      "name": "☀洪湖🔹秒播",
      "type": 3,
      "api": "csp_XBPQ",
      "ext": {
        "分类url": "https://honghuli.com/leibiao/{cateId}-{area}-------{catePg}---{year}.html",
        "分类": "电影$1#电视剧$2#综艺$3#动漫$4"
      }
    },
    {
      "key": "大师兄",
      "name": "☀师兄🔹影视",
      "type": 3,
      "api": "csp_XBPQ",
      "ext": {
        "简介": "⚠️特别提醒您⚠️请勿相信影片中的广告，以免上当受骗❗️+剧情介绍：&&</p >",
        "分类url": "https://www.dsxysproo.com/dqvodshow/{cateId}-{area}--{class}-----{catePg}---{year}.html",
        "分类": "电视剧$2#电影$1#动漫$4#综艺$3"
      }
    },
    {
      "key": "csp_Mp4Mov",
      "name": "☀磁力🔹在线",
      "type": 3,
      "api": "csp_Mp4Mov",
      "searchable": 1,
      "quickSearch": 1,
      "filterable": 1
    },
    {
      "key": "csp_New6v",
      "name": "☀磁力🔹新六",
      "type": 3,
      "api": "csp_New6v",
      "searchable": 1,
      "quickSearch": 1,
      "filterable": 1,
      "ext": "https://www.xb6v.com"
    },
    {
      "key": "csp_SeedHub",
      "name": "☀磁力🔹狐播",
      "type": 3,
      "api": "csp_SeedHub",
      "searchable": 1,
      "quickSearch": 1,
      "filterable": 1
    },
    {
      "key": "csp_KubaCL",
      "name": "☀磁力🔹酷吧",
      "type": 3,
      "api": "csp_KubaCL",
      "searchable": 1,
      "quickSearch": 1,
      "filterable": 1
    },
    {
      "key": "csp_MeijuMi",
      "name": "☀磁力🔹美剧",
      "type": 3,
      "api": "csp_MeijuMi",
      "searchable": 1,
      "quickSearch": 1,
      "filterable": 1
    },
    {
      "key": "csp_Xunlei8",
      "name": "☀磁力🔹迅雷",
      "type": 3,
      "api": "csp_Xunlei8",
      "searchable": 1,
      "quickSearch": 1,
      "filterable": 1
    },
    {
      "key": "星芽短剧",
      "name": "🎦七星🔹短剧",
      "type": 3,
      "api": "./js/星芽短剧.py",
      "searchable": 1,
      "changeable": 1,
      "quickSearch": 1,
      "filterable": 1
    },
    {
      "key": "甜圈短剧",
      "name": "🎦甜圈🔹短剧",
      "type": 3,
      "api": "./js/甜圈短剧.py",
      "searchable": 1,
      "changeable": 1,
      "quickSearch": 1,
      "filterable": 1
    },
    {
      "key": "锦鲤短剧",
      "name": "🎦锦鲤🔹短剧",
      "type": 3,
      "api": "./js/锦鲤短剧.py",
      "searchable": 1,
      "changeable": 1,
      "quickSearch": 1,
      "filterable": 1
    },
    {
      "key": "csp_XYQHiker_河马短剧",
      "name": "🎦河马🔹短剧",
      "type": 3,
      "api": "csp_XYQHiker",
      "searchable": 1,
      "quickSearch": 1,
      "filterable": 1,
      "ext": "./lib/河马短剧.json"
    },
    {
      "key": "88看球",
      "name": "⚽看球🔹直播",
      "type": 3,
      "api": "csp_Kanqiu",
      "gridview": 3,
      "style": {
        "type": "list"
      }
    },
    {
      "key": "310直播",
      "name": "⚽三一🔹球吧",
      "type": 3,
      "api": "./js/drpy2.min.js",
      "style": {
        "type": "list"
      },
      "ext": "./js/310直播.js"
    },
    {
      "key": "88看球",
      "name": "⚽八八🔹球吧",
      "type": 3,
      "api": "./js/drpy2.min.js",
      "style": {
        "type": "list"
      },
      "ext": "./js/88看球.js"
    },
    {
      "key": "Jrsjs",
      "name": "⚽Jrs🔹球吧",
      "type": 3,
      "api": "./js/drpy2.min.js",
      "ext": "./js/jrk.js",
      "style": {
        "type": "list"
      },
      "searchable": 0,
      "quickSearch": 0,
      "changeable": 0
    },
    {
      "key": "360吧",
      "name": "⚽360🔹球吧",
      "type": 3,
      "api": "./JS/drpy2.min.js",
      "style": {
        "type": "list"
      },
      "ext": "./JS/360吧.js"
    },
    {
      "key": "武享吧",
      "name": "🥊武享🔹格斗",
      "type": 3,
      "api": "./js/drpy2.min.js",
      "style": {
        "type": "list"
      },
      "ext": "./js/武享吧.js"
    },
    {
      "key": "哔哩直播",
      "name": "🅱哔哩🔹直播",
      "type": 3,
      "api": "./py/哔哩直播.py"
    },
    {
      "key": "哔哩合集",
      "name": "🅱哔哩🔹合集",
      "type": 3,
      "api": "csp_Bili",
      "searchable": 1,
      "quickSearch": 0,
      "filterable": 0,
      "changeable": 0,
      "style": {
        "type": "rect",
        "ratio": 1.433
      },
      "ext": {
        "json": "./json/哔哩合集.json",
        "cookie": "http://127.0.0.1:9978/file/TVBox/bili_cookie.txt"
      }
    },
    {
      "key": "csp_Kugou",
      "name": "🎤酷狗🔹音乐",
      "type": 3,
      "api": "csp_Kugou",
      "jar": "https://4708.kstore.space/jar/Yoursmile.jar",
      "playerType": 2,
      "ext": {
        "classes": [
          {
            "type_name": "酷狗",
            "type_id": "kugou"
          }
        ]
      }
    },
    {
      "key": "DJ呦呦音乐网",
      "name": "🎤呦呦🔹音乐",
      "type": 3,
      "api": "csp_XYQHiker",
      "searchable": 1,
      "quickSearch": 1,
      "filterable": 1,
      "ext": "./lib/DJyyyyw.json"
    },
    {
      "key": "bili_演唱会",
      "name": "🎤看演🔹唱会",
      "type": 3,
      "api": "csp_Bili",
      "searchable": 1,
      "quickSearch": 1,
      "filterable": 1,
      "style": {
        "type": "rect",
        "ratio": 1.433
      },
      "ext": {
        "cookie": "http://127.0.0.1:9978/file/tvbox/bili_cookie.txt",
        "json": "./lib/演唱会.json"
      },
      "timeout": 20
    },
    {
      "key": "56动漫",
      "name": "🦸‍♂️五六🔹动漫",
      "type": 3,
      "api": "./js/drpy2.min.js",
      "ext": "./js/56动漫.js"
    },
    {
      "key": "NT动漫",
      "name": "🦸‍♂️逆天🔹动漫",
      "type": 3,
      "api": "./js/drpy2.min.js",
      "ext": "./js/NT动漫.js"
    },
    {
      "key": "曼波动漫",
      "name": "🦸‍♂️曼波🔹动漫",
      "type": 3,
      "api": "csp_Xdai",
      "searchable": 1,
      "quickSearch": 0,
      "filterable": 0,
      "ext": "jaHR0cHM6Ly9hcHAub21vZnVuMS50b3AvYXBpLnBocHw2NmRjMzA5Y2JlZWNhNDU0fDY2ZGMzMDljYmVlY2E0NTR8MTAw"
    },
    {
      "key": "奇米动漫",
      "name": "🦸‍♂️奇米🔹动漫",
      "type": 3,
      "api": "./js/drpy2.min.js",
      "ext": "./js/奇米动漫.js"
    },
    {
      "key": "哔哩哔哩听书",
      "name": "📚哔哩🔹听书",
      "type": 3,
      "api": "csp_Bili",
      "searchable": 0,
      "quickSearch": 0,
      "filterable": 0,
      "ext": {
        "cookie": "http://127.0.0.1:9978/file/TVBox/bili_cookie.txt",
        "json": "./json/哔哩哔哩听书.json"
      },
      "style": {
        "type": "rect",
        "ratio": 1.597
      }
    },
    {
      "key": "爱上你听书网",
      "name": "📚爱上🔹听书",
      "type": 3,
      "api": "./js/drpy2.min.js",
      "ext": "./js/爱上你听书网.js"
    },
    {
      "key": "兔小贝",
      "name": "📖启蒙🔹教育",
      "type": 3,
      "api": "./js/drpy2.min.js",
      "ext": "./js/兔小贝.js",
      "style": {
        "type": "rect",
        "ratio": 1.597
      }
    },
    {
      "key": "少儿教育",
      "name": "📖少儿🔹教育",
      "type": 3,
      "api": "csp_Bili",
      "searchable": 0,
      "quickSearch": 0,
      "filterable": 1,
      "ext": {
        "json": "./json/少儿教育.json",
        "cookie": "http://127.0.0.1:9978/file/TVBox/bili_cookie.txt"
      },
      "style": {
        "type": "rect",
        "ratio": 1.597
      }
    },
    {
      "key": "小学课堂",
      "name": "📖小学🔹课堂",
      "type": 3,
      "api": "csp_Bili",
      "searchable": 0,
      "quickSearch": 0,
      "filterable": 1,
      "ext": {
        "json": "./json/小学课堂.json",
        "cookie": "http://127.0.0.1:9978/file/TVBox/bili_cookie.txt"
      },
      "style": {
        "type": "rect",
        "ratio": 1.597
      }
    },
    {
      "key": "初中课堂",
      "name": "📖初中🔹课堂",
      "type": 3,
      "api": "csp_Bili",
      "searchable": 0,
      "quickSearch": 0,
      "filterable": 1,
      "ext": {
        "json": "./json/初中课堂.json",
        "cookie": "http://127.0.0.1:9978/file/TVBox/bili_cookie.txt"
      },
      "style": {
        "type": "rect",
        "ratio": 1.597
      }
    },
    {
      "key": "高中教育",
      "name": "📖高中🔹课堂",
      "type": 3,
      "api": "csp_Bili",
      "searchable": 0,
      "quickSearch": 0,
      "filterable": 1,
      "ext": {
        "json": "./json/高中课堂.json",
        "cookie": "http://127.0.0.1:9978/file/TVBox/bili_cookie.txt"
      },
      "style": {
        "type": "rect",
        "ratio": 1.597
      }
    },
    {
      "key": "ext_live_protocol",
      "name": "测试专用",
      "type": 3,
      "api": "csp_XPath",
      "searchable": 0,
      "quickSearch": 0,
      "changeable": 0
    },
    {
      "key": "cc",
      "name": "请勿相信视频中任何广告",
      "type": 3,
      "api": "csp_XPath",
      "searchable": 0,
      "quickSearch": 0
    }
  ],
  "parses": [
    
     {
            "name": "解析失败自己切换",
            "type": 0,
            "url": "https://jx.xmflv.com/?url=",
            "ext": {
                "header": {
                    "user-agent": "Mozilla/5.0(WindowsNT10.0;Win64;x64)AppleWebKit/537.36(KHTML,likeGecko)Chrome/110.0.0.0Safari/537.36Edg/110.0.1587.57"
                }
            }
        },
        {
            "name": "解析失败换这个",
            "type": 0,
            "url": "http://www.ckplayer.vip/jiexi/?url=",
            "ext": {
                "header": {
                    "user-agent": "Mozilla/5.0(Linux;Android13;V2049ABuild/TP1A.220624.014;wv)AppleWebKit/537.36(KHTML,likeGecko)Version/4.0Chrome/116.0.0.0MobileSafari/537.36"
                }
            }
        },
        {
            "name": "线路1",
            "type": 0,
            "url": "https://jx.yparse.com/index.php?url=",
            "ext": {
                "header": {
                    "user-agent": "Mozilla/5.0(Linux;Android13;V2049ABuild/TP1A.220624.014;wv)AppleWebKit/537.36(KHTML,likeGecko)Version/4.0Chrome/116.0.0.0MobileSafari/537.36"
                }
            }
        },
        {
            "name": "线路2",
            "type": 0,
            "url": "https://jx.m3u8.tv/jiexi/?url=",
            "ext": {
                "header": {
                    "user-agent": "Mozilla/5.0(Linux;Android13;V2049ABuild/TP1A.220624.014;wv)AppleWebKit/537.36(KHTML,likeGecko)Version/4.0Chrome/116.0.0.0MobileSafari/537.36",
                    "referer": "https://jiejie.uk/"
                }
            }
        },

    {
      "name": "解析3",
      "type": 0,
      "url": "https://jx.aidouer.net/?url=",
      "ext": {
        "header": {
          "user-agent": "Mozilla/5.0 (Linux; Android 13; V2049A Build/TP1A.220624.014; wv) AppleWebKit/537.36 (KHTML, like Gecko) Version/4.0 Chrome/116.0.0.0 Mobile Safari/537.36",
          "referer": "https://jiejie.uk/"
        }
      }
    }
  ],
  "flags": [
    "youku",
    "优酷",
    "优 酷",
    "优酷视频",
    "qq",
    "腾讯",
    "腾 讯",
    "腾讯视频",
    "iqiyi",
    "qiyi",
    "奇艺",
    "爱奇艺",
    "爱 奇 艺",
    "m1905",
    "xigua",
    "letv",
    "leshi",
    "乐视",
    "乐 视",
    "sohu",
    "搜狐",
    "搜 狐",
    "搜狐视频",
    "tudou",
    "pptv",
    "mgtv",
    "芒果",
    "imgo",
    "芒果TV",
    "芒 果 T V",
    "bilibili",
    "哔 哩",
    "哔 哩 哔 哩"
  ],
  "lives": [
    {
      "name": "线路①如失效切换其他线路",
      "type": 0,
      "url": "http://rihou.cc:555/gggg.nzk",
      "playerType": 2,
      "ua": "okhttp/3",
      "epg": "https://epg.112114.eu.org/?ch={name}&date={date}",
      "logo": "https://epg.112114.eu.org/logo/{name}.png"
    },
    
    
     {
      "name": "冰茶④",
      "type": 0,
      "url": "https://bc.188766.xyz/?ip=&mima=bingcha1130",
      "playerType": 2,
      "ua": "okhttp/3",
      "epg": "https://epg.112114.eu.org/?ch={name}&date={date}",
      "logo": "https://epg.112114.eu.org/logo/{name}.png"
   },
    {
      "name": "AI线",
      "type": 0,
      "url": "https://gitee.com/mytv-android/iptv-api/raw/master/output/result.m3u",
      "epg": "http://cdn.1678520.xyz/epg/?ch={name}&date={date}",
      "playerType": 2,
      "timeout": 10
    },
    {
      "name": "线路②",
      "type": 0,
      "url": "http://64.112.42.49:6688/https://raw.githubusercontent.com/develop202/migu_video/refs/heads/main/interface.txt",
      "playerType": 2,
      "ua": "okhttp/3",
      "epg": "https://epg.112114.eu.org/?ch={name}&date={date}",
      "logo": "https://epg.112114.eu.org/logo/{name}.png"
    },
    {
      "name": "ipv6③",
      "type": 0,
      "url": "https://nos.netease.com/ysf/3d75a78a0fc7ede372c03598d6d10367.m3u",
      "playerType": 2
    }
   
  ],
  "hosts": [
    "cache.ott.*.itv.cmvideo.cn=base-v4-free-mghy.e.cdn.chinamobile.com",
    "cache.ott.ystenlive.itv.cmvideo.cn=base-v4-free-mghy.e.cdn.chinamobile.com",
    "cache.ott.bestlive.itv.cmvideo.cn=base-v4-free-mghy.e.cdn.chinamobile.com",
    "cache.ott.wasulive.itv.cmvideo.cn=base-v4-free-mghy.e.cdn.chinamobile.com",
    "cache.ott.fifalive.itv.cmvideo.cn=base-v4-free-mghy.e.cdn.chinamobile.com",
    "cache.ott.hnbblive.itv.cmvideo.cn=base-v4-free-mghy.e.cdn.chinamobile.com"
  ],
  "spider": "./kjtw.jar",
  "wallpaper": "https://深色壁纸.xxooo.cf/",
  "rules": [
    {
      "name": "农民",
      "hosts": [
        "toutiaovod.com"
      ],
      "regex": [
        "video/tos/cn"
      ]
    },
    {
      "name": "火山",
      "hosts": [
        "huoshan.com"
      ],
      "regex": [
        "item_id="
      ]
    },
    {
      "name": "抖音",
      "hosts": [
        "douyin.com"
      ],
      "regex": [
        "is_play_url="
      ]
    },
    {
      "name": "饭团点击",
      "hosts": [
        "dadagui",
        "freeok",
        "dadagui"
      ],
      "script": [
        "document.querySelector(\"#playleft iframe\").contentWindow.document.querySelector(\"#start\").click();"
      ]
    },
    {
      "name": "毛驴点击",
      "hosts": [
        "www.maolvys.com"
      ],
      "script": [
        "document.getElementsByClassName('swal-button swal-button--confirm')[0].click()"
      ]
    },
    {
      "name": "ofiii",
      "hosts": [
        "www.ofiii.com"
      ],
      "script": [
        "const play=document.getElementsByClassName('play_icon')[0],event=new MouseEvent('click',{bubbles:!0,cancelable:!0,view:window,screenX:100,screenY:100,clientX:50,clientY:50,button:0,shiftKey:!1,ctrlKey:!1,altKey:!1,metaKey:!1,modifierState:0});play.dispatchEvent(event);"
      ]
    }
  ],
  "doh": [
    {
      "name": "Google",
      "url": "https://dns.google/dns-query",
      "ips": [
        "8.8.4.4",
        "8.8.8.8"
      ]
    },
    {
      "name": "Cloudflare",
      "url": "https://cloudflare-dns.com/dns-query",
      "ips": [
        "1.1.1.1",
        "1.0.0.1",
        "2606:4700:4700::1111",
        "2606:4700:4700::1001"
      ]
    },
    {
      "name": "AdGuard",
      "url": "https://dns.adguard.com/dns-query",
      "ips": [
        "94.140.14.140",
        "94.140.14.141"
      ]
    },
    {
      "name": "DNSWatch",
      "url": "https://resolver2.dns.watch/dns-query",
      "ips": [
        "84.200.69.80",
        "84.200.70.40"
      ]
    },
    {
      "name": "Quad9",
      "url": "https://dns.quad9.net/dns-quer",
      "ips": [
        "9.9.9.9",
        "149.112.112.112"
      ]
    }
  ],
  "ijk": [
    {
      "group": "软解码",
      "options": [
        {
          "category": 4,
          "name": "opensles",
          "value": "0"
        },
        {
          "category": 4,
          "name": "overlay-format",
          "value": "842225234"
        },
        {
          "category": 4,
          "name": "framedrop",
          "value": "1"
        },
        {
          "category": 4,
          "name": "soundtouch",
          "value": "1"
        },
        {
          "category": 4,
          "name": "start-on-prepared",
          "value": "1"
        },
        {
          "category": 1,
          "name": "http-detect-range-support",
          "value": "0"
        },
        {
          "category": 1,
          "name": "fflags",
          "value": "fastseek"
        },
        {
          "category": 2,
          "name": "skip_loop_filter",
          "value": "48"
        },
        {
          "category": 4,
          "name": "reconnect",
          "value": "1"
        },
        {
          "category": 4,
          "name": "enable-accurate-seek",
          "value": "0"
        },
        {
          "category": 4,
          "name": "mediacodec",
          "value": "0"
        },
        {
          "category": 4,
          "name": "mediacodec-auto-rotate",
          "value": "0"
        },
        {
          "category": 4,
          "name": "mediacodec-handle-resolution-change",
          "value": "0"
        },
        {
          "category": 4,
          "name": "mediacodec-hevc",
          "value": "0"
        },
        {
          "category": 1,
          "name": "dns_cache_timeout",
          "value": "600000000"
        }
      ]
    },
    {
      "group": "硬解码",
      "options": [
        {
          "category": 4,
          "name": "opensles",
          "value": "0"
        },
        {
          "category": 4,
          "name": "overlay-format",
          "value": "842225234"
        },
        {
          "category": 4,
          "name": "framedrop",
          "value": "1"
        },
        {
          "category": 4,
          "name": "soundtouch",
          "value": "1"
        },
        {
          "category": 4,
          "name": "start-on-prepared",
          "value": "1"
        },
        {
          "category": 1,
          "name": "http-detect-range-support",
          "value": "0"
        },
        {
          "category": 1,
          "name": "fflags",
          "value": "fastseek"
        },
        {
          "category": 2,
          "name": "skip_loop_filter",
          "value": "48"
        },
        {
          "category": 4,
          "name": "reconnect",
          "value": "1"
        },
        {
          "category": 4,
          "name": "enable-accurate-seek",
          "value": "0"
        },
        {
          "category": 4,
          "name": "mediacodec",
          "value": "1"
        },
        {
          "category": 4,
          "name": "mediacodec-auto-rotate",
          "value": "1"
        },
        {
          "category": 4,
          "name": "mediacodec-handle-resolution-change",
          "value": "1"
        },
        {
          "category": 4,
          "name": "mediacodec-hevc",
          "value": "1"
        },
        {
          "category": 1,
          "name": "dns_cache_timeout",
          "value": "600000000"
        }
      ]
    }
  ],
  "ads": [
    "static-mozai.4gtv.tv"
  ]
}