{
    "作者": "",
    "站名": "XBPQ影视",
    "请求头": "User-Agent$MOBILE_UA",
    "编码": "UTF-8",
    "主页url": "https://www.zstcy.com/",
    "首页": "120",
    "起始页": "1",
    "分类url": "/vod-{cateId}--{by}-{class}--B---{catePg}---{year}.html",
   "分类": "最新韩剧$zuixinhanju#韩国动漫$hanguodongman#韩国综艺$hanguozy#最近更新$zuixin#排行榜$ranking",
    "二次截取": "",
    "数组": "pic\"&&</li",
    "标题": "title=\"&&\"",
    "图片": "data-original=\"&&\"",
    "副标题": "🌹+text-overflow\">&&</",
    "链接": "href=\"&&\"",
    "影片年代": "年份：&&</p",
    "影片地区": "地区：&&</p",
    "影片类型": "类型：&&</p",
    "状态": "状态：&&</p",
    "导演": "🌳+导演：&&</p",
    "主演": "🌳+主演：&&</p",
    "简介": "🌳请勿相信影片中的广告👉+简介：&&</p",
    "线路二次截取": "",
    "线路数组": "\\#ewave-playlist&&</li>",
    "线路标题": "🌳为你推荐👉+>&&<",
    "播放二次截取": "",
    "播放数组": "ewave-playlist&&</ul>",
    "倒序": "0",
    "播放列表": "<a&&/a>[不包含:韩国理论]",
    "播放标题": "🌹+>&&<",
    "播放链接": "href=\"&&\"",
    "跳转播放链接": "var player_*\"url\":\"&&\"",
    "排序":"最新上映&超高人气&全网热播&高分好评",
    "排序值":"time&hits&up&score",
    "筛选": "1"
            }
        },  