{
    "作者": "乐哥250826",
    "站名": "乾坤影院",
    "编码": "UTF-8",
    "请求头": "User-Agent$MOBILE_UA",
    "主页url": "https://www.qiankun.tv/vodshow/playlet-----------.html",
    "首页": "120",
    "起始页": "1",
    "数组": "/voddetail/&&</a>",
    "标题": "title=\"&&\"",
    "图片": "data-original=\"&&\"",
    "副标题": "item-note\">&&<",
    "链接": "/voddetail/+&&\"",
    "导演": "导演：&&</div",
    "主演": "主演：&&</div",
    "简介": "✨乐哥为您介绍剧情👉请不要相信视频中的广告，以免上当受骗！+<p>&&</p",
    "线路数组": "data-dropdown-value&&</div[替换:<span>><span>%E2%9C%A8%E4%B9%90%E5%93%A5%E6%8E%A8%E8%8D%90%E2%9C%A8]",
    "线路标题": "urlDecode(<span>&&</)+【共+<small>&&</+集】",
    "播放数组": "play-list-content&&</div>",
    "播放列表": "<a&&/a>",
    "播放链接": "href=\"&&\"",
    "播放标题": ">&&</",
    "跳转播放链接": "urlDecode(var player_*\"url\":\"&&\")",
    "分类url": "https://www.qiankun.tv/vodshow/playlet---{cateId}-----{catePg}---{year}.html",
    "分类": "古装&悬疑&重生&反转&穿越&总裁&言情&爽文&女恋&闪婚&都市&脑洞&仙侠&民国",
    "分类值": "*",
    "搜索url": "/index.php/ajax/suggest?mid=1&wd={wd}&page={pg}",
    "搜索模式": "1",
    "搜索二次截取": "list\":\\[&&\\]",
    "搜索数组": "{&&}",
    "搜索标题": "name\":\"&&\"",
    "搜索图片": "pic\":\"&&\"",
    "搜索副标题": "en\":\"&&\"",
    "搜索链接": "/voddetail/+id\":&&,+.html"
}