{
    "作者": "🐰兔爷🐇",
    "站名": "韩剧TV",
    "编码": "UTF-8",
    "请求头": "User-Agent$MOBILE_UA",
    "主页url": "https://www.net-26.com",
    "首页": "200",
    "起始页": "1",
    "分类url": "/search.php?page={catePg}&searchtype=5&order={by}&tid={cateId}&area=&year={year}&letter=&yuyan=&state=&money=&ver=&jq=;;mrcRA",
    "分类": "韩剧TV$1#韩国电影$2#韩国综艺$3#韩国动漫$4",
    "数组": "默认--module-item-cover&&</a||首页--module-item-cover&&module-item-caption",
    "图片": "data-src=\"&&\"",
    "标题": "title=\"&&\"",
    "副标题": "alt=\"&&\"",
    "链接": "href=\"&&\"",
    "影片年代": "year=*contentLocation\">&&</span",
    "影片地区": "area=*contentLocation\">&&</span",
    "影片类型": "专辑：&&</div",
    "状态": "更新：&&</div",
    "导演": "导演：&&</div",
    "主演": "主演：&&</div",
    "简介": "video-info des\">&&</div",
    "线路数组": "\\#playlist&&</li",
    "线路标题": "</i>&&</a",
    "播放数组": "<ul class=\"myui-content__list&&</ul",
    "播放列表": "<li&&</li",
    "播放标题": "<a*>&&<",
    "播放链接": "href=\"&&\"",
    "跳转播放链接": "var now=\"&&\"",
    "搜索url": "/search.php?page={pg}&searchword={wd}&searchtype=",
    "搜索模式": "1",
    "排序": "时间排序$time#人气排序$hit#评分排序$commend"
}