{
    "作者": "乐哥251204",
    "站名": "VS影视",
    "请求头": "User-Agent$MOBILE_UA",
    "编码": "UTF-8",
    "图片代理": "0",
    "主页url": "https://t.xy-zg.com",
    "首页": "120",
    "起始页": "1",
    "分类url": "https://t.xy-zg.com//search.php?page={catePg}&searchtype=5&order={by}&tid={cateId}&area={area}&year={year}&letter={letter}&yuyan={lang}&state=&money=&ver=&jq={class};;mrc",
    "分类": "电影&剧集&综艺&动漫&短剧",
    "分类值": "1&2&3&4&25",
    "二次截取": "",
    "数组": "videopic lazy\"&&</a>",
    "标题": "title=\"&&\"",
    "图片": "data-original=\"&&\"",
    "副标题": "note textbg\">&&<",
    "链接": "href=\"&&\"",
    "影片年代": "年份：&&</li>",
    "影片地区": "地区：&&</li>",
    "影片类型": "类型：&&</li>",
    "状态": "时间：&&</li>",
    "导演": "导演：&&</li>",
    "主演": "主演：&&</li>",
    "简介": "友情提醒：请不要相信视频中的广告，剧情介绍👉+<div class=\"plot\">&&</div>",
    "线路二次截取": "",
    "线路数组": "\\#playlist\"&&</a>[替换:=\">>=\"%E2%9C%A8%E4%B9%90%E5%93%A5%E6%8E%A8%E8%8D%90%E2%9C%A8]",
    "线路标题": "urlDecode(title=\"&&\")",
    "播放二次截取": "",
    "播放数组": "<ul class=\"playlistlink&&</ul>",
    "播放列表": "<a&&/a>",
    "播放标题": "title=\"&&\"",
    "播放链接": "href=\"&&\"",
    "解析": "",
    "直接播放": "0",
    "播放请求头": "",
    "嗅探词": ".mp4#.m3u8",
    "过滤词": "",
    "跳转播放链接": "var now=\"&&\"",
    "跳转解析": "",
    "搜索请求头": "User-Agent$MOBILE_UA",
    "搜索url": "https://t.xy-zg.com/search.php?page={pg}&searchword={wd}&searchtype=",
    "搜索模式": "1",
    "搜索后缀": "",
    "搜索二次截取": "",
    "搜索数组": "videopic\"&&</h3>",
    "搜索标题": "<a*>&&</a",
    "搜索图片": "background: url(&&)",
    "搜索副标题": "note textbg\">&&<",
    "搜索链接": "href=\"&&\"",
    "筛选": "1",
    "类型": "",
    "剧情": "",
    "剧情值": "*",
    "地区": "",
    "地区值": "*",
    "年份": "",
    "年份值": "*",
    "语言": "",
    "语言值": "*",
    "字母": "A&B&C&D&E&F&G&H&I&J&K&L&M&N&O&P&Q&R&S&T&U&V&W&X&Y&Z&0-9",
    "字母值": "*",
    "排序": "时间&人气&评分",
    "排序值": "time&hits&score"
}