{
    "首页": "0",
    // "播放链接前缀": "https://www.gyf.lol",
    "数组": "data\":{\"tit&&s_log",
    "图片": "https://p0.ssl.cdn.btime.com/+ssl.cdn.btime.com/&&\"",
    "副标题": "le\":\"&&\"",
    "标题": "text\":\"&&\"",
    "链接": "item.btime.com/&&\"",
    "链接前缀": "https://app.api.btime.com/video/play?callback=jQuery36009651202523243325_1747927554988&id=",
    // "线路标题": "</i>&&<span",
    "播放数组": "video_streams&&audio_streams",
    "播放列表": "stream&&dur