{
    "请求头": "User-Agent$MOBILE_UA",
    "编码": "UTF-8",
    "图片代理": "0",
    "主页url": "https://www.dui100.com/",
    "首页": "120",
    "起始页": "1",
    "分类url": "https://www.dui100.com/list/{cateId}-{catePg}.html;;mrcd0",
    "分类": "言情$1001#武侠$1002#悬疑$1003#历史$1004#军事$1005#评书$1006#相声小品$1007#商业财经$1009",
    "二次截取": "",
    "数组": "lazyload\"&&</a",
    "标题": "title=\"&&\"",
    "图片": "data-original=\"&&\"",
    "副标题": "text-right\">&&<",
    "链接": "href=\"&&\"",
    "影片年代": "年份：&&</p",
    "影片地区": "地区：&&</p",
    "影片类型": "类型：&&</p",
    "导演": "导演：&&</p",
    "主演": "主演：*>&&</a",
    "状态": "备注：*>&&</a",
    "简介": "class=\"col-pd\">&&</div",
    "线路二次截取": "",
    "线路数组": "<h3&&/h3>",
    "线路标题": "👶+>&&</font",
    "播放二次截取": "",
    "播放数组": "<ul class=\"stui-content__playlist column8 clearfix\">&&</ul>",
    "播放列表": "<a&&/a>",
    "播放标题": ">&&<",
    "播放链接": "href=\"&&\"",
    "解析": "",
    "直接播放": "0",
    "播放请求头": "",
    "嗅探词": ".mp3#.m4a",
    "过滤词": "",
    "搜索请求头": "User-Agent$MOBILE_UA",
    "搜索url": "https://www.dui100.com/search.php?searchword={wd}",
    "搜索模式": "1",
    "跳转播放链接": "var now=\"&&\""
}