{
    "请求头": "User-Agent$MOBILE_UA",
    "编码": "UTF-8",
    "图片代理": "0",
    "主页url": "https://qqqys.com",
    "首页": "120",
    "起始页": "1",
    "分类url": "https://qqqys.com/api.php/filter/vod?type_name={cateId}&class={class}&area={area}&sort={by}&page={catePg}&limit=24;;mrcd0",
    "分类": "电影&剧集&综艺&动漫&短剧",
    "分类值": "*",
    "二次截取": "默认--list\":\\[&&\\]||首页--空",
    "数组": "默认--{&&}||首页--md:p&&</a>",
    "标题": "默认--vod_name\":\"&&\"||首页--title=\"&&\"",
    "图片": "默认--vod_pic\":\"&&\"||首页--data-original=\"&&\"",
    "副标题": "默认--vod_remarks\":\"&&\"||首页--truncate text*>&&</div",
    "链接": "默认--/vd/+id\":&&,+.html||首页--https://qqqys.com+href=\"&&\"",
    "影片类型": "1.5\">&&</div></div>",
    "状态": "上映：&&</div>",
    "导演": "导演：&&</div>",
    "主演": "主演：&&</div>",
    "简介": "【提醒：请不要相信视频中的广告以免上当受骗】✨天哥为您介绍剧情👉+<p>&&</p>",
    "跳转数组": "vodId:&&,",
    "跳转链接": "https://qqqys.com/api.php/internal/search_aggregate?vod_id=+\"&&\"",
    "线路数组": "",
    "线路标题": "✨天微✨线路",
    "播放数组": "vod_play_url\":&&,[替换:\">>接表题#$>>题接#\\#>>接表表题]",
    "播放列表": "表&&表",
    "播放标题": "题&&题",
    "播放链接": "接&&接"
}