{
  "作者": "小可乐/240701/第一版",
  "站名": "555电影",
  "请求头": "User-Agent$MOBILE_UA",
  "编码": "UTF-8",
  "图片": "data-original=\"&&\"[替换:amp;>>空]",
  "直接播放": "0",
  "播放请求头": "",
  "嗅探词": ".mp4#.m3u8#.flv",
  "过滤词": "",
  "主页url": "https://www.5r5c6r5q1x7.shop/",
  "首页": "120",
  "起始页": "1",
  "分类url": "/vodshow/{cateId}-{area}-{by}-{class}-{lang}-{letter}---{catePg}---{year}.html;;mrc",
  "分类": "电影&剧集&综艺&动漫",
  "分类值": "1&2&3&4&124",
  "二次截取": "默认--空||首页--module-items&&影视资讯",
  "数组": "/voddetail&&</a>",
  "标题": "title=\"&&\"",
  "副标题": "module-item-note\">&&<",
  "链接": "/api.php/app/video_detail?id=+/&&.",
  "影片年代": "vod_year\":\"&&\"",
  "影片地区": "vod_area\":\"&&\"",
  "影片类型": "vod_class\":\"&&\"",
  "状态": "vod_remarks\":\"&&\"",
  "导演": "vod_director\":\"&&\"",
  "主演": "vod_actor\":\"&&\"",
  "简介": "请勿相信视频中任何广告-天哥为您介绍剧情+vod_content\":\"&&\"",
  "线路二次截取": "vod_url_with_player\":\\[&&\\]",
  "线路数组": "code\":&&,",
  "线路标题": "天哥+\"&&\"",
  "播放二次截取": "vod_url_with_player\":\\[&&\\]",
  "播放数组": "url\":&&,[替换:\">>接表题#$>>题接#\\#>>接表表题]",
  "倒序": "0",
  "播放列表": "表&&表",
  "播放标题": "题&&题",
  "播放链接": "接&&接",
  "搜索请求头": "User-Agent$MOBILE_UA",
  "搜索url": "/api.php/app/search?text={wd}&pg={pg}",
  "搜索模式": "1",
  "搜索二次截取": "list\":\\[&&\\][替换:\"vod_id>>搜\"vod_id]",
  "搜索数组": "搜&&\"type\"",
  "搜索标题": "vod_name\":\"&&\"",
  "搜索图片": "vod_pic\":\"&&\"",
  "搜索副标题": "vod_remarks\":\"&&\"",
  "搜索链接": "/api.php/app/video_detail?id=+vod_id\":&&,",
  "筛选": "1",
  "类型": "空||热门连续剧$13#港台剧$15#日韩剧$44#欧美剧$45||空||空||空",
  "剧情": "Netflix&仙侠&剧情&科幻&动作&喜剧&爱情&冒险&儿童&歌舞&音乐&奇幻&动画&恐怖&惊悚&丧尸&战争&传记&纪录&犯罪&悬疑&西部&灾难&古装&武侠&家庭&短片&校园&文艺&运动&青春&同性&励志&人性&美食&女性&治愈&历史&真人秀&脱口秀||Netflix&短剧&剧情&丧尸&仙侠&穿越&惊悚&恐怖&言情&科幻&动作&喜剧&爱情&偶像&都市&军旅&谍战&罪案&宫廷&冒险&儿童&歌舞&音乐&奇幻&动画&战争&传记&记录&犯罪&悬疑&西部&灾难&古装&武侠&家庭&短片&校园&文艺&运动&青春&同性&励志&人性&美食&女性&治愈&历史&真人秀&脱口秀||Netflix&脱口秀&真人秀&选秀&八卦&访谈&情感&生活&晚会&搞笑&音乐&时尚&游戏&少儿&体育&纪实&科教&曲艺&歌舞&财经&汽车&播报&其他||Netflix&热血&科幻&美少女&魔幻&经典&励志&少儿&冒险&搞笑&推理&恋爱&治愈&幻想&校园&动物&机战&亲子&儿歌&运动&悬疑&怪物&战争&益智&青春&童话&竞技&动作&社会&友情&真人版&电影版&OVA版&TV版&新番动画&完结动画||空",
  "剧情值": "*",
  "地区": "大陆&香港&台湾&美国&日本&韩国&英国&法国&德国&印度&泰国&丹麦&瑞典&巴西&加拿大&俄罗斯&意大利&比利时&爱尔兰&西班牙&澳大利亚||大陆&香港&韩国&美国&日本&法国&英国&德国&台湾&泰国&印度&其他||大陆&韩国&香港&台湾&美国&其它||大陆&日本&欧美&其他||空",
  "地区值": "*",
  "年份": "1999-2024",
  "年份值": "*",
  "语言": "英语&法语&国语&粤语&日语&韩语&泰语&德语&俄语&闽南语&丹麦语&波兰语&瑞典语&印地语&挪威语&意大利语&西班牙语||空||国语&英语&粤语&闽南语&韩语&日语&其它||国语&英语&粤语&闽南语&韩语&日语&其它||空",
  "语言值": "*",
  "字母": "A&B&C&D&E&F&G&H&I&J&K&L&M&N&O&P&Q&R&S&T&U&V&W&X&Y&Z&0-9",
  "字母值": "*",
  "排序": "时间&人气&评分",
  "排序值": "time&hits&score"
}