{
    "spider": "./spider.jar",
    "wallpaper": "https://深色壁纸.xxooo.cf/",
    "logo": "http://hello.xn--z7x900a.com/fm.gif",
    "sites": [
        {
            "key": "豆瓣",
            "name": "🐼┃闪电优汐已恢复┃加资源可艾特我",
            "type": 3,
            "api": "csp_Douban",
            "searchable": 0
        },
        {
            "key": "豆瓣预告",
            "name": "🐼┃豆瓣┃预告",
            "type": 3,
            "api": "csp_YGP",
            "playerType": 2,
            "searchable": 0
        },
        {
            "key": "config",
            "name": "🐼┃配置┃中心",
            "type": 3,
            "api": "csp_Config",
            "playerType": 2
        },
        {
            "key": "living",
            "name": "🐼┃游戏┃直播",
            "type": 3,
            "api": "csp_Living",
            "playerType": 2,
            "ext": "https://bt.muxia.fun"
        },
        {
            "key": "csp_FeiMaoUC",
            "name": "⚡┃闪电┃优汐",
            "type": 3,
            "api": "csp_Duopan",
            "filterable": 1,
            "ext": {
                "site_urls": [
                    "https://sduc.cloud/",
                    "http://e.sduc.pro/",
                    "http://sduc.site/"
                ],
                "url_key": "FeiMaoUC"
            }
        },
        {
            "key": "csp_Duopan",
            "name": "🖍︎┃蜡笔┃影视",
            "type": 3,
            "api": "csp_Duopan",
            "filterable": 1,
            "ext": {
                "site_urls": [
                    "http://xiaocgege.shop",
                    "https://feimao666.fun",
                    "http://feimao888.fun",
                    "https://feimo.fun",
                    "http://www.labi88.sbs",
                    "http://fmao.site",
                    "http://fmao.shop",
                    "http://xiaocge.fun"
                ],
                "threadinfo": {
                    "chunksize": 512,
                    "threads": 16
                },
                "url_key": "Duopan2"
            }
        },
        {
            "key": "csp_Netfixtv",
            "name": "💌┃️至臻┃影视",
            "type": 3,
            "api": "csp_Duopan",
            "filterable": 1,
            "ext": {
                "site_urls": [
                    "http://xiaomi666.fun",
                    "https://zhizhen1.top",
                    "https://mihdr.top",
                    "https://www.mihdr.top",
                    "http://www.miqk.cc",
                    "https://www.zhizhenpan.fun"
                ],
                "url_key": "Netfixtv2",
                "threadinfo": {
                    "chunksize": 512,
                    "threads": 16
                }
            }
        },
        {
            "key": "潮流",
            "name": "🏜┃潮流┃APP",
            "type": 3,
            "api": "csp_AppRJ",
            "ext": "http://v.rbotv.cn"
        },
        {
            "key": "肥猫",
            "name": "🐼┃肥猫┃APP",
            "type": 3,
            "api": "csp_AppGet",
            "ext": "http://103.236.61.192:8006|123456789abcdefg"
        },
        {
            "key": "干饭",
            "name": "🍚┃干饭┃APP",
            "type": 3,
            "api": "csp_AppQi",
            "ext": "https://staraugust123456.oss-cn-hangzhou.aliyuncs.com/2.txt|staraugust123456|120"
        },
        {
            "key": "光盘",
            "name": "📀┃光盘┃APP",
            "type": 3,
            "api": "csp_AppQi",
            "ext": "https://jingyu4k-1312635929.cos.ap-nanjing.myqcloud.com/1.json|AAdgrdghjfgswerA|120"
        },
        {
            "key": "行动",
            "name": "😌┃行动┃APP",
            "type": 3,
            "api": "csp_AppGet",
            "ext": "https://zjm-1302383509.cos.ap-guangzhou.myqcloud.com/zjm.txt|zjmznbl2026zcxgb"
        },
        {
            "key": "再来",
            "name": "✌️┃再来┃APP",
            "type": 3,
            "api": "csp_AppGet",
            "ext": "https://www.jumengwu.com|1f0a873caf2550a5"
        },
        {
            "key": "一碗",
            "name": "🥣┃一碗┃APP",
            "type": 3,
            "api": "csp_AppGet",
            "ext": "https://dy.8ttv.cn|1111111111111111"
        },
        {
            "key": "猫抓",
            "name": "🐱┃猫抓┃APP",
            "type": 3,
            "api": "csp_AppGet",
            "ext": "https://www.mfsp4k.top|1234567887654321"
        },
        {
            "key": "仓鼠",
            "name": "🐹┃耗子┃APP",
            "type": 3,
            "api": "csp_AppGet",
            "ext": "http://xywlkj.oss-cn-beijing.aliyuncs.com/wp-content/uploads/2024/12/1.txt|xmyxmyxywlkjxywl"
        },
        {
            "key": "蔬菜",
            "name": "🫛┃蔬菜┃APP",
            "type": 3,
            "api": "csp_AppGet",
            "ext": "https://gitee.com/wmmoliill/wimg/raw/master/img/bk/9.txt|88689667dce61725"
        },
        {
            "key": "黑猫",
            "name": "🐼┃黑猫┃APP",
            "type": 3,
            "api": "csp_AppGet",
            "ext": "http://app1-0-0.87333.cc|VwsHxkCViDXEExWa"
        },
        {
            "key": "优优",
            "name": "💯┃优优┃APP",
            "type": 3,
            "api": "csp_AppGet",
            "ext": "https://ios.hgyx.vip|062dec75d039980e"
        },
        {
            "key": "兔子",
            "name": "🐇┃兔子┃APP",
            "type": 3,
            "api": "csp_AppGet",
            "ext": "https://dyyztvappapigoodgx.68.gy:12689/ciwk28vu38io8/apiurl.txt|dyyztvapiappyyds"
        },
        {
            "key": "永永",
            "name": "♾️┃永永┃APP",
            "type": 3,
            "api": "csp_AppGet",
            "ext": "https://bind.315999.xyz/89.txt|#getapp@TMD@2025|120"
        },
        {
            "key": "云云",
            "name": "☁️┃云云┃APP",
            "type": 3,
            "api": "csp_AppGet",
            "ext": "http://ys.qist.top|2SWSPFxugBLPPOKo"
        },
        {
            "key": "csp_Jpys",
            "name": "🥇️┃金牌┃影视",
            "type": 3,
            "api": "csp_Jpys"
        },
        {
            "key": "csp_Wwys",
            "name": "🌾️┃农民┃影视",
            "type": 3,
            "api": "csp_Wwys",
            "ext": "https://www.wwgz.cn"
        },
        {
            "key": "csp_Xlys",
            "name": "🏔️┃修罗┃磁力",
            "type": 3,
            "api": "csp_Xlys",
            "ext": "https://xl01.com.de"
        },
        {
            "key": "荐片",
            "name": "🎬┃荐片┃影视",
            "api": "csp_Jianpian",
            "type": 3,
            "playerType": "2",
            "ext": "https://ev2089.zxbwv.com"
        },
        {
            "key": "csp_SaoHuo",
            "name": "🔥┃火火┃影视",
            "type": 3,
            "api": "csp_SaoHuo",
            "playerType": 2,
            "ext": "https://shdy5.us"
        },
        {
            "key": "csp_LiteApple",
            "name": "🍎┃苹果┃影视",
            "type": 3,
            "api": "csp_LiteApple",
            "searchable": 1,
            "quickSearch": 1,
            "filterable": 1
        },
        {
            "key": "厂长",
            "name": "🏭┃厂长┃影视",
            "type": 3,
            "playerType": "2",
            "api": "csp_Czsapp",
            "searchable": 1,
            "quickSearch": 1,
            "filterable": 1,
            "ext": "https://www.czzymovie.com/"
        },
        {
            "key": "csp_AppXY",
            "name": "🎀️┃星牙┃短剧",
            "type": 3,
            "api": "./api/XYDJ.py",
            "searchable": 1,
            "changeable": 1,
            "quickSearch": 1,
            "filterable": 1
        },
        {
            "key": "📺┃︎剧王┃短剧",
            "name": "📺┃剧王┃短剧",
            "type": 3,
            "api": "./api/JWDJ.py",
            "searchable": 1,
            "changeable": 1,
            "quickSearch": 1,
            "filterable": 1
        },
        {
            "key": "csp_SP360",
            "name": "📺┃360┃官源",
            "type": 3,
            "api": "csp_SP360"
        },
        {
            "key": "csp_Bili",
            "name": "🅱┃️哔哩┃合集",
            "type": 3,
            "api": "csp_Bili",
            "playerType": 2,
            "ext": {
                "json": "http://bili.json",
                "cookie": ""
            },
            "style": {
                "type": "rect",
                "ratio": 1.333
            }
        },
        {
            "key": "csp_Dm84",
            "name": "🤣┃动漫┃巴士",
            "type": 3,
            "playerType": "2",
            "api": "csp_Dm84",
            "ext": "https://dm84.net"
        },
        {
            "key": "丫丫",
            "name": "🐷┃丫丫┃动漫",
            "type": 3,
            "api": "csp_AppGet",
            "ext": "http://tv.yy-fun.cc|qkxnwkfjwpcnwycl"
        },
        {
            "key": "csp_FirstAid",
            "name": "🚑┃急救┃教学",
            "type": 3,
            "api": "csp_FirstAid",
            "searchable": 0,
            "quickSearch": 0,
            "style": {
                "type": "rect",
                "ratio": 3.8
            },
            "gridview": "0-0-4.1"
        },
        {
            "key": "酷狗",
            "name": "🐾┃酷狗┃音乐",
            "type": 3,
            "api": "csp_Kugou",
            "playerType": 2,
            "ext": {
                "classes": [
                    {
                        "type_name": "酷狗",
                        "type_id": "kugou"
                    }
                ]
            }
        },
        {
            "key": "MTV",
            "name": "🎧┃明星┃MV",
            "type": 3,
            "api": "csp_Bili",
            "playerType": 2,
            "ext": {
                "json": "https://img2.gelonghui.com/library/2b4eb-8fb08a6b-f9f1-48d8-816a-1bc712a85fefnull",
                "cookie": ""
            },
            "style": {
                "type": "rect",
                "ratio": 1.333
            }
        },
        {
            "key": "看球",
            "name": "⚾┃看球┃直播",
            "type": 3,
            "api": "csp_Kanqiu",
            "searchable": 1,
            "quickSearch": 1,
            "changeable": 0,
            "gridview": 3,
            "style": {
                "type": "list"
            }
        },
        {
            "key": "drpy_js_310直播",
            "name": "🏀┃体育┃直播",
            "type": 3,
            "api": "./api/drpy2.min.js",
            "changeable": 0,
            "gridview": 3,
            "style": {
                "type": "list"
            },
            "ext": "https://img2.gelonghui.com/library/d6014-7a5d5b19-3fe5-456a-8335-925bc845606fnull"
        },
        {
            "key": "米搜",
            "name": "🌖┃米搜┃网盘",
            "type": 3,
            "api": "csp_MiSou",
            "ext": "http://127.0.0.1:9978/file/fatcat/kk.txt"
        },
        {
            "key": "csp_PanSearch",
            "name": "🚃┃盘搜┃网盘",
            "type": 3,
            "api": "csp_PanSearch",
            "ext": "http://127.0.0.1:9978/file/fatcat/token.txt"
        },
        {
            "key": "儿童",
            "name": "📚┃儿童┃启蒙",
            "type": 3,
            "api": "./api/drpy2.min.js",
            "searchable": 0,
            "quickSearch": 0,
            "changeable": 0,
            "style": {
                "type": "rect",
                "ratio": 1.597
            },
            "ext": "./js/兔小贝.js"
        },
        {
            "key": "csp_少儿",
            "name": "📚┃少儿┃教育",
            "type": 3,
            "api": "csp_Bili",
            "playerType": 2,
            "ext": {
                "json": "https://img2.gelonghui.com/library/1903b-eb0f1675-2437-4e72-bcf0-427b1626d79fnull",
                "cookie": ""
            },
            "style": {
                "type": "rect",
                "ratio": 1.333
            }
        },
        {
            "key": "csp_小学",
            "name": "📚┃小学┃课堂",
            "type": 3,
            "api": "csp_Bili",
            "playerType": 2,
            "ext": {
                "json": "https://img2.gelonghui.com/library/a1140-144855fe-3eaa-44f3-b689-6812c233de54null",
                "cookie": ""
            },
            "style": {
                "type": "rect",
                "ratio": 1.333
            }
        },
        {
            "key": "csp_初中",
            "name": "📚┃初中┃课堂",
            "type": 3,
            "api": "csp_Bili",
            "playerType": 2,
            "ext": {
                "json": "https://img2.gelonghui.com/library/ba156-73e16cad-8257-4f33-b8c0-e051e72e546dnull",
                "cookie": ""
            },
            "style": {
                "type": "rect",
                "ratio": 1.333
            }
        },
        {
            "key": "csp_高中",
            "name": "📚┃高中┃课堂",
            "type": 3,
            "api": "csp_Bili",
            "playerType": 2,
            "ext": {
                "json": "https://img2.gelonghui.com/library/e44b3-4a82ab48-e014-49b2-bb66-ee5207e8f195null",
                "cookie": ""
            },
            "style": {
                "type": "rect",
                "ratio": 1.333
            }
        },
        {
            "key": "push_agent",
            "name": "关注公众号：肥猫宝贝",
            "type": 3,
            "api": "csp_Push",
            "playerType": "1",
            "searchable": 0,
            "ext": ".json/txt/ken.txt"
        }
    ],
    "parses": [
        {
            "name": "Json聚合",
            "type": 3,
            "url": "Demo"
        },
        {
            "name": "Web聚合",
            "type": 3,
            "url": "Web"
        },
        {
            "name": "qiyi[官源]",
            "type": 1,
            "url": "http://39.104.230.177:1122/lxjx/myyk.php?url="
        },
        {
            "name": "肥猫最可爱",
            "type": 1,
            "url": "http://xn--ihqu10cn4c.xn--z7x900a.live/jx.php?id=2&url=",
            "ext": {
                "flag": [
                    "qq",
                    "腾讯",
                    "qiyi",
                    "爱奇艺",
                    "奇艺",
                    "youku",
                    "优酷",
                    "tucheng",
                    "sohu",
                    "搜狐",
                    "letv",
                    "乐视",
                    "mgtv",
                    "芒果",
                    "tnmb",
                    "seven",
                    "yzm",
                    "aliyun",
                    "RJuMao",
                    "bilibili",
                    "1905",
                    "xinvip",
                    "XAL",
                    "qiqi",
                    "XALS",
                    "YuMi-vip"
                ]
            }
        }
    ],
    "lives": [
        {
            "name": "冰茶",
            "type": 0,
            "url": "./lives/冰茶.txt",
            "ua": "bingcha/1.1 (mianfeifenxiang)"
        }
    ],
    "headers": [
        {
            "host": "hlsztemgsplive.miguvideo.com",
            "header": {
                "User-Agent": "bingcha/1.1 (mianfeifenxiang) "
            }
        }
    ],
    "proxy": [
        "raw.githubusercontent.com"
    ],
    "hosts": [
        "hlsztemgsplive.miguvideo.com=hlsztemgsplive.miguvideo.com.b.cdn.chinamobile.com",
        "push-rtmp-hs-spe-f5.douyincdn.com=source-fcdn-spe-push.s.bytefcdn.com",
        "cdn9.163189.xyz=gcore.jsdelivr.net",
        "cache.ott.fifalive.itv.cmvideo.cn=cache.ott.fifalive.itv.cmvideo.cn.e.cdn.chinamobile.com",
        "studentlive.migucloud.com=base-v4v6-miguvideo.e.cdn.chinamobile.com"
    ],
    "ads": [
        "static-mozai.4gtv.tv"
    ],
    "rules": [
        {
            "name": "♻️量非",
            "hosts": [
                "lz",
                "vip.lz",
                "v.cdnlz",
                "hd.lz",
                "ffzy",
                "vip.ffzy",
                "hd.ffzy"
            ],
            "regex": [
                "#EXT-X-DISCONTINUITY\r*\n*#EXTINF:6.666667,[\\s\\S]*?#EXT-X-DISCONTINUITY",
                "#EXT-X-DISCONTINUITY\r*\n*#EXTINF:6.600000,[\\s\\S]*?#EXT-X-DISCONTINUITY"
            ]
        },
        {
            "name": "♻️索尼",
            "hosts": [
                "suonizy",
                "qrssv.com"
            ],
            "regex": [
                "15.1666",
                "15.2666"
            ]
        },
        {
            "name": "♻️乐视",
            "hosts": [
                "leshiyun"
            ],
            "regex": [
                "15.92"
            ]
        },
        {
            "name": "♻️优质",
            "hosts": [
                "yzzy",
                "playback"
            ],
            "regex": [
                "16.63",
                "18.66",
                "17.66",
                "19.13"
            ]
        },
        {
            "name": "♻️快看",
            "hosts": [
                "kuaikan",
                "vip.kuaikan"
            ],
            "regex": [
                "15.32",
                "15.231",
                "18.066"
            ]
        },
        {
            "name": "♻️360",
            "hosts": [
                "lyhuicheng"
            ],
            "regex": [
                "#EXTINF.*?\\s+.*?hrz8QcR9.*?\\.ts\\s+",
                "#EXT-X-KEY:METHOD=NONE[\\s\\S]*?#EXT-X-DISCONTINUITY"
            ]
        },
        {
            "name": "♻️开源棋牌",
            "hosts": [
                "askzycdn",
                "jkunbf",
                "bfikuncdn",
                "bfaskcdn"
            ],
            "regex": [
                "#EXT-X-KEY:METHOD=NONE\r*\n*#EXTINF:5,[\\s\\S]*?#EXT-X-DISCONTINUITY",
                "#EXT-X-KEY:METHOD=AES-128,URI=\"[^\"]+\"\r*\n*#EXTINF:3.333,[\\s\\S]*?#EXT-X-DISCONTINUITY"
            ]
        },
        {
            "name": "♻️暴风",
            "hosts": [
                "bfengbf.com",
                "bfzy",
                "c1"
            ],
            "regex": [
                "#EXTINF.*?\\s+.*?adjump.*?\\.ts\\s+",
                "#EXT-X-DISCONTINUITY\r*\n*#EXTINF:3,[\\s\\S]*?#EXT-X-DISCONTINUITY"
            ]
        },
        {
            "name": "♻️农民",
            "hosts": [
                "toutiaovod.com"
            ],
            "regex": [
                "video/tos/cn"
            ]
        },
        {
            "name": "♻️火山",
            "hosts": [
                "huoshan.com"
            ],
            "regex": [
                "item_id="
            ]
        },
        {
            "name": "♻️抖音",
            "hosts": [
                "douyin.com"
            ],
            "regex": [
                "is_play_url="
            ]
        },
        {
            "name": "♻️磁力",
            "hosts": [
                "magnet"
            ],
            "regex": [
                "最 新",
                "直 播",
                "更 新"
            ]
        },
        {
            "name": "♻️饭团点击",
            "hosts": [
                "dadagui",
                "freeok",
                "dadagui"
            ],
            "script": [
                "document.querySelector(\"#playleft iframe\").contentWindow.document.querySelector(\"#start\").click();"
            ]
        },
        {
            "name": "♻️毛驴点击",
            "hosts": [
                "www.maolvys.com"
            ],
            "script": [
                "document.getElementsByClassName('swal-button swal-button--confirm')[0].click()"
            ]
        }
    ]
}