{
    "spider": "./spider.jar",
    "wallpaper": "http://王二小放牛娃牛逼.999888987.xyz",
    "logo": "https://storage.7x24cc.com/storage-server/presigned/ss1/a6-online-fileupload/newMediaFile/3CEAE9E_773_wexfnw_20250911190012684newMediaFile.gif",
    "sites": [
        {
            "key": "NewDouBan",
            "name": "🐮【公众号：王二小放牛娃】🐮",
            "type": 3,
            "api": "csp_NewDouBanGuard",
            "searchable": 0,
            "quickSearch": 0,
            "filterable": 0,
            "ext": "./txt/1767300502404G_ouRK.txt"
        },
        {
            "key": "Doubana",
            "name": "🐮【更新日期:20260114】🐮",
            "type": 3,
            "api": "csp_NewDouBanGuard",
            "searchable": 0,
            "quickSearch": 0,
            "filterable": 0,
            "ext": "./txt/1767300502404G_ouRK.txt"
        },
        {
            "key": "Doubana",
            "name": "⬇️【网盘类先扫码】⬇️",
            "type": 3,
            "api": "csp_NewDouBanGuard",
            "searchable": 0,
            "quickSearch": 0,
            "filterable": 0,
            "ext": "./txt/1767300502404G_ouRK.txt"
        },
        {
            "key": "Wexconfig",
            "name": "🐮配置┃中心🐮",
            "type": 3,
            "api": "csp_WexConfigGuard",
            "searchable": 0,
            "changeable": 0,
            "indexs": 0
        },
        {
            "key": "二小",
            "name": "💓‍二小┃4K💓‍",
            "type": 3,
            "api": "csp_NewErXiaoGuard",
            "searchable": 1,
            "changeable": 1
        },
        {
            "key": "玩偶",
            "name": "💓‍玩偶┃4K💓‍",
            "type": 3,
            "api": "csp_NewWoggGuard",
            "searchable": 1,
            "changeable": 1
        },
        {
            "key": "NewZhiZhen",
            "name": "💓至臻┃4K💓",
            "type": 3,
            "api": "csp_NewZhiZhenGuard",
            "searchable": 1,
            "changeable": 1
        },
        {
            "key": "NewGuanYing",
            "name": "💓观影┃4K💓",
            "type": 3,
            "api": "csp_NewGuanYingGuard",
            "searchable": 1,
            "changeable": 1,
            "timeout": 120
        },
        {
            "key": "NewJuTou",
            "name": "💓剧透┃4K💓",
            "type": 3,
            "api": "csp_NewJuTouGuard",
            "searchable": 1,
            "changeable": 1
        },
        {
            "key": "NewHuBan",
            "name": "💓虎斑┃4K💓",
            "type": 3,
            "api": "csp_NewHuBanGuard",
            "searchable": 1,
            "changeable": 1
        },
        {
            "key": "NewShaYang",
            "name": "💓傻样┃4K💓",
            "type": 3,
            "api": "csp_NewShaYangGuard",
            "searchable": 1,
            "changeable": 1
        },
        {
            "key": "NewMuOu",
            "name": "💓木偶┃4K💓",
            "type": 3,
            "api": "csp_NewMuOuGuard",
            "searchable": 1,
            "changeable": 1
        },
        {
            "key": "NewDuoDuo",
            "name": "💓多多┃4K💓",
            "type": 3,
            "api": "csp_NewDuoDuoGuard",
            "searchable": 1,
            "changeable": 1,
            "timeout": 120
        },
        {
            "key": "雷鲸",
            "name": "💓‍雷鲸┃4K💓‍",
            "type": 3,
            "api": "csp_NewLeiJingGuard",
            "searchable": 1,
            "changeable": 1
        },
        {
            "key": "NewPanMe123",
            "name": "💓123┃4K💓",
            "type": 3,
            "api": "csp_NewPanMe123Guard",
            "searchable": 1,
            "changeable": 1
        },
        {
            "key": "盘他",
            "name": "💓‍盘他┃4K💓‍",
            "type": 3,
            "api": "csp_NewPanTaGuard",
            "searchable": 1,
            "changeable": 1
        },
        {
            "key": "WexHanXiaoQuan",
            "name": "💥韩剧┃秒播💥",
            "type": 3,
            "api": "csp_WexHanXiaoQuanGuard",
            "searchable": 1,
            "changeable": 1
        },
        {
            "key": "WexGuaZi",
            "name": "💥瓜子┃秒播💥",
            "type": 3,
            "api": "csp_WexGuaZiGuard",
            "searchable": 1,
            "changeable": 1
        },
        {
            "key": "賤賤",
            "name": "💥贱片┃秒播💥",
            "type": 3,
            "api": "csp_WexJianPianGuard",
            "searchable": 1,
            "changeable": 1
        },
        {
            "key": "WexWenCai",
            "name": "💥文才┃秒播💥",
            "type": 3,
            "api": "csp_WexWenCaiGuard",
            "searchable": 1,
            "changeable": 1
        },
        {
            "key": "WexXiaoPingGuo",
            "name": "💥苹果┃秒播💥",
            "type": 3,
            "api": "csp_WexXiaoPingGuoGuard",
            "searchable": 1,
            "changeable": 1
        },
        {
            "key": "WexDuBoKu",
            "name": "💥独播┃秒播💥",
            "type": 3,
            "api": "csp_WexDuBoKuGuard",
            "searchable": 1,
            "changeable": 1
        },
        {
            "key": "WexYueYue",
            "name": "💥闪电┃秒播💥",
            "type": 3,
            "api": "csp_WexYueYueGuard",
            "searchable": 1,
            "changeable": 1
        },
        {
            "key": "WexYiYs",
            "name": "💥伊影┃秒播💥",
            "type": 3,
            "api": "csp_WexYiYsGuard",
            "searchable": 1,
            "changeable": 1
        },
        {
            "key": "WexKaFei",
            "name": "💥咖啡┃秒播💥",
            "type": 3,
            "api": "csp_WexKaFeiGuard",
            "searchable": 1,
            "changeable": 1
        },
        {
            "key": "WexReBo",
            "name": "💥热播┃秒播💥",
            "type": 3,
            "api": "csp_WexReBoGuard",
            "searchable": 1,
            "changeable": 1
        },
        {
            "key": "WexYunYun",
            "name": "💥云云┃秒播💥",
            "type": 3,
            "api": "csp_WexYunYunGuard",
            "searchable": 1,
            "changeable": 1
        },
        {
            "key": "WexXiongYing",
            "name": "💥雄鹰┃秒播💥",
            "type": 3,
            "api": "csp_WexXiongYingGuard",
            "searchable": 1,
            "changeable": 1
        },
        {
            "key": "WexBoBo",
            "name": "🎇伯伯┃秒播🎇",
            "type": 3,
            "api": "csp_WexBoBoGuard",
            "searchable": 1,
            "changeable": 1
        },
        {
            "key": "WexBtTwo",
            "name": "🎇鼻涕┃秒播🎇",
            "type": 3,
            "api": "csp_WexBtTwoGuard",
            "searchable": 1,
            "changeable": 1
        },
        {
            "key": "新6V",
            "name": "🎇新6V┃磁力🎇",
            "type": 3,
            "api": "csp_WexXb6vGuard",
            "searchable": 1,
            "changeable": 0
        },
        {
            "key": "WexIkanBot",
            "name": "🎇爱看┃采集🎇",
            "type": 3,
            "api": "csp_WexIkanBotGuard",
            "searchable": 1,
            "changeable": 1
        },
        {
            "key": "LiveHuYa",
            "name": "🐯‍虎牙┃直播🐯‍",
            "type": 3,
            "api": "csp_LiveHuYaGuard",
            "searchable": 1,
            "changeable": 1
        },
        {
            "key": "LiveDouYu",
            "name": "🐳斗鱼┃直播🐳",
            "type": 3,
            "api": "csp_LiveDouYuGuard",
            "searchable": 1,
            "changeable": 1
        },
        {
            "key": "LiveBiLi",
            "name": "🅱️哔哩┃直播🅱️",
            "type": 3,
            "api": "csp_LiveBiLiGuard",
            "searchable": 1,
            "changeable": 1
        },
        {
            "key": "DuanJuHaoKan",
            "name": "🍉短剧┃好看🍉",
            "type": 3,
            "api": "csp_DuanJuHaoKanGuard",
            "searchable": 1,
            "changeable": 1
        },
        {
            "key": "DuanJuQiMiao",
            "name": "🍉短剧┃小猫🍉",
            "type": 3,
            "api": "csp_DuanJuQiMiaoGuard",
            "searchable": 1,
            "changeable": 1
        },
        {
            "key": "DuanJuHeMa",
            "name": "🍉短剧┃小马🍉",
            "type": 3,
            "api": "csp_DuanJuHeMaGuard",
            "searchable": 1,
            "changeable": 1
        },
        {
            "key": "DuanJuXingYa",
            "name": "🍉短剧┃星星🍉",
            "type": 3,
            "api": "csp_DuanJuXingYaGuard",
            "searchable": 1,
            "changeable": 1
        },
        {
            "key": "DuanJuSuiPian",
            "name": "🍉短剧┃碎片🍉",
            "type": 3,
            "api": "csp_DuanJuSuiPianGuard",
            "searchable": 1,
            "changeable": 1
        },
        {
            "key": "DuanJuJinLi",
            "name": "🍉短剧┃小丽🍉",
            "type": 3,
            "api": "csp_DuanJuJinLiGuard",
            "searchable": 1,
            "changeable": 1
        },
        {
            "key": "AnimeGiriGiri",
            "name": "🤡小爱┃动漫🤡",
            "type": 3,
            "api": "csp_AnimeGiriGiriGuard",
            "searchable": 1,
            "changeable": 1
        },
        {
            "key": "AnimeXiFan",
            "name": "🤡稀饭┃动漫🤡",
            "type": 3,
            "api": "csp_AnimeXiFanGuard",
            "searchable": 1,
            "changeable": 1
        },
        {
            "key": "AnimeNeko",
            "name": "🤡耐克┃动漫🤡",
            "type": 3,
            "api": "csp_AnimeNekoGuard",
            "searchable": 1,
            "changeable": 1
        },
        {
            "key": "AnimeYHDM",
            "name": "🤡巴士┃动漫🤡",
            "type": 3,
            "api": "csp_AnimeYHDMGuard",
            "searchable": 1,
            "changeable": 1
        },
        {
            "key": "BookShiJie",
            "name": "🎃‍极品┃听书🎃",
            "type": 3,
            "api": "csp_BookShiJieGuard",
            "searchable": 1,
            "changeable": 1
        },
        {
            "key": "ChildrenDuoDuo",
            "name": "👼多多┃儿歌👼",
            "type": 3,
            "api": "csp_ChildrenDuoDuoGuard",
            "searchable": 1,
            "changeable": 0,
            "style": {
                "type": "rect",
                "ratio": 2
            }
        },
        {
            "key": "ChildrenBaoBao",
            "name": "👼宝宝┃儿歌👼",
            "type": 3,
            "api": "csp_ChildrenBaoBaoGuard",
            "searchable": 1,
            "changeable": 0,
            "style": {
                "type": "rect",
                "ratio": 2
            }
        },
        {
            "key": "ChildrenBeiWa",
            "name": "👼贝贝┃儿歌👼",
            "type": 3,
            "api": "csp_ChildrenBeiWaGuard",
            "searchable": 1,
            "changeable": 0,
            "style": {
                "type": "rect",
                "ratio": 2
            }
        },
        {
            "key": "ChildrenTuTu",
            "name": "👼兔兔┃儿歌👼",
            "type": 3,
            "api": "csp_ChildrenTuTuGuard",
            "searchable": 1,
            "changeable": 0,
            "style": {
                "type": "rect",
                "ratio": 2
            }
        },
        {
            "key": "WexTangDou",
            "name": "💃跳舞┃教学💃",
            "type": 3,
            "api": "csp_WexTangDouGuard",
            "searchable": 1,
            "changeable": 0,
            "style": {
                "type": "rect",
                "ratio": 2
            }
        },
        {
            "key": "MusicIKtv",
            "name": "🎼KTV┃音乐🎼",
            "type": 3,
            "api": "csp_MusicIKtvGuard",
            "searchable": 1,
            "changeable": 0
        },
        {
            "key": "MusicLunHui",
            "name": "🎼轮回┃舞曲🎼",
            "type": 3,
            "api": "csp_MusicLunHuiGuard",
            "searchable": 1,
            "changeable": 0
        },
        {
            "key": "bilibiliys",
            "name": " 🅱‍哔哩┃影视🅱‍",
            "type": 3,
            "api": "csp_NewBiLiYSGuard",
            "searchable": 1,
            "quickSearch": 1,
            "filterable": 1,
            "changeable": 0,
            "ext": "./txt/bilisong.txt"
        },
        {
            "key": "bilibili",
            "name": " 🅱‍哔哩┃合集🅱‍",
            "type": 3,
            "api": "csp_NewBiLiGuard",
            "searchable": 1,
            "quickSearch": 1,
            "filterable": 1,
            "changeable": 0,
            "ext": "./txt/bili001.txt"
        },
        {
            "key": "bilixiqu",
            "name": " 🅱‍哔哩┃戏曲🅱‍",
            "type": 3,
            "api": "csp_NewBiLiGuard",
            "searchable": 1,
            "quickSearch": 1,
            "filterable": 1,
            "changeable": 0,
            "ext": "./txt/183E562_773_xiqu_20251130182006749newMediaImage.txt"
        },
        {
            "key": "biliych",
            "name": " 🅱‍哔哩┃歌曲🅱‍",
            "type": 3,
            "api": "csp_NewBiLiGuard",
            "searchable": 1,
            "quickSearch": 1,
            "filterable": 1,
            "changeable": 0,
            "ext": "./txt/bilisong.txt"
        },
        {
            "key": "少儿教育",
            "name": "📚少儿┃教育📚",
            "type": 3,
            "api": "csp_NewBiLiGuard",
            "style": {
                "type": "rect",
                "ratio": 1.597
            },
            "searchable": 0,
            "quickSearch": 0,
            "changeable": 0,
            "ext": "./txt/3C3AB7A_773_ertong_20250828171550247newMediaImage.txt"
        },
        {
            "key": "小学课堂",
            "name": "📚小学┃课堂📚",
            "type": 3,
            "api": "csp_NewBiLiGuard",
            "style": {
                "type": "rect",
                "ratio": 1.597
            },
            "searchable": 0,
            "quickSearch": 0,
            "changeable": 0,
            "ext": "./txt/4A3AA71_773_xiaoxue_20250828171535645newMediaImage.txt"
        },
        {
            "key": "初中课堂",
            "name": "📚初中┃课堂📚",
            "type": 3,
            "api": "csp_NewBiLiGuard",
            "style": {
                "type": "rect",
                "ratio": 1.597
            },
            "searchable": 0,
            "quickSearch": 0,
            "changeable": 0,
            "ext": "./txt/19B1839_773_chuzhong_20250828171521929newMediaImage.txt"
        },
        {
            "key": "高中教育",
            "name": "📚高中┃课堂📚",
            "type": 3,
            "api": "csp_NewBiLiGuard",
            "style": {
                "type": "rect",
                "ratio": 1.597
            },
            "searchable": 0,
            "quickSearch": 0,
            "changeable": 0,
            "ext": "./txt/345A587_773_gaozhong_20250828171449997newMediaImage.txt"
        },
        {
            "key": "SportGuaZi",
            "name": "🌐瓜子┃体育🌐",
            "type": 3,
            "api": "csp_SportGuaZiGuard",
            "searchable": 1,
            "changeable": 0,
            "style": {
                "type": "list"
            }
        },
        {
            "key": "SportKanQiuTong",
            "name": "🌐球通┃体育🌐",
            "type": 3,
            "api": "csp_SportKanQiuTongGuard",
            "searchable": 1,
            "changeable": 0,
            "style": {
                "type": "list"
            }
        },
        {
            "key": "SportKanqiu",
            "name": "🌐八八┃体育🌐",
            "type": 3,
            "api": "csp_SportKanqiuGuard",
            "searchable": 1,
            "changeable": 0
        },
        {
            "key": "SportWwe",
            "name": "🌐WWE┃体育🌐",
            "type": 3,
            "api": "csp_SportWweGuard",
            "searchable": 1,
            "changeable": 0,
            "style": {
                "type": "list"
            }
        },
        {
            "key": "MyQuark",
            "name": "💓我的┃夸克💓‍",
            "type": 3,
            "api": "csp_MyQuarkGuard",
            "searchable": 1,
            "changeable": 1,
            "timeout": 50,
            "style": {
                "type": "list"
            }
        },
        {
            "key": "MyBaiDu",
            "name": "💓我的┃百度💓‍",
            "type": 3,
            "api": "csp_MyBaiDuGuard",
            "searchable": 1,
            "changeable": 1,
            "timeout": 50,
            "style": {
                "type": "list"
            }
        },
        {
            "key": "MyUcPan",
            "name": "💓我的┃UC💓‍",
            "type": 3,
            "api": "csp_MyUcPanGuard",
            "searchable": 1,
            "changeable": 1,
            "timeout": 50,
            "style": {
                "type": "list"
            }
        },
        {
            "key": "MyPan189",
            "name": "💓我的┃天翼💓‍",
            "type": 3,
            "api": "csp_MyPan189Guard",
            "searchable": 1,
            "changeable": 1,
            "timeout": 50,
            "style": {
                "type": "list"
            }
        },
        {
            "key": "MyPan115",
            "name": "💓我的┃115💓‍",
            "type": 3,
            "api": "csp_MyPan115Guard",
            "searchable": 1,
            "changeable": 1,
            "timeout": 50,
            "style": {
                "type": "list"
            }
        },
        {
            "key": "MyPan123",
            "name": "💓我的┃123💓‍",
            "type": 3,
            "api": "csp_MyPan123Guard",
            "searchable": 1,
            "changeable": 1,
            "timeout": 50,
            "style": {
                "type": "list"
            }
        },
        {
            "key": "SoTySo",
            "name": "🎠给力┃天逸🎠",
            "type": 3,
            "api": "csp_SoTySoGuard",
            "searchable": 1,
            "changeable": 0
        },
        {
            "key": "SoBaiDuSo",
            "name": "🎠给力┃百度🎠",
            "type": 3,
            "api": "csp_SoBaiDuSoGuard",
            "searchable": 1,
            "changeable": 0
        },
        {
            "key": "SoHaiYin",
            "name": "🎠海音┃综合🎠",
            "type": 3,
            "api": "csp_SoHaiYinGuard",
            "searchable": 1,
            "changeable": 0
        },
        {
            "key": "SoTjSo",
            "name": "🎠太极┃综合🎠",
            "type": 3,
            "api": "csp_SoTjSoGuard",
            "searchable": 1,
            "changeable": 0
        },
        {
            "key": "SoAiPan",
            "name": "🎠给力┃综合🎠",
            "type": 3,
            "api": "csp_SoAiPanGuard",
            "searchable": 1,
            "changeable": 0
        },
        {
            "key": "So97So",
            "name": "🎠九七┃综合🎠",
            "type": 3,
            "api": "csp_So97SoGuard",
            "searchable": 1,
            "changeable": 0
        },
        {
            "key": "SoZhaoPanSo",
            "name": "🎠找盘┃综合🎠",
            "type": 3,
            "api": "csp_SoZhaoPanSoGuard",
            "searchable": 1,
            "changeable": 0
        },
        {
            "key": "push_agent",
            "name": "推送",
            "type": 3,
            "api": "csp_PushGuard",
            "searchable": 1,
            "changeable": 0
        }
    ],
    "doh": [
        {
            "name": "Google",
            "url": "https://dns.google/dns-query",
            "ips": [
                "8.8.4.4",
                "8.8.8.8"
            ]
        },
        {
            "name": "Cloudflare",
            "url": "https://cloudflare-dns.com/dns-query",
            "ips": [
                "1.1.1.1",
                "1.0.0.1",
                "2606:4700:4700::1111",
                "2606:4700:4700::1001"
            ]
        },
        {
            "name": "AdGuard",
            "url": "https://dns.adguard.com/dns-query",
            "ips": [
                "94.140.14.140",
                "94.140.14.141"
            ]
        },
        {
            "name": "DNSWatch",
            "url": "https://resolver2.dns.watch/dns-query",
            "ips": [
                "84.200.69.80",
                "84.200.70.40"
            ]
        },
        {
            "name": "Quad9",
            "url": "https://dns.quad9.net/dns-quer",
            "ips": [
                "9.9.9.9",
                "149.112.112.112"
            ]
        }
    ],
    "rules": [
        {
            "name": "proxy",
            "hosts": [
                "hlsztemgsplive.miguvideo.com=hlsztemgsplive.188766.xyz",
                "cache.ott.fifalive.itv.cmvideo.cn=fifalive.188766.xyz",
                "iptv.huuc.edu.cn=huucv6.188766.xyz",
                "raw.githubusercontent.com",
                "googlevideo.com",
                "cdn.v82u1l.com",
                "cdn.iz8qkg.com",
                "cdn.kin6c1.com",
                "c.biggggg.com",
                "c.olddddd.com",
                "haiwaikan.com",
                "www.histar.tv",
                "youtube.com",
                "uhibo.com",
                ".*boku.*",
                ".*nivod.*",
                ".*ulivetv.*"
            ]
        },
        {
            "name": "海外看",
            "hosts": [
                "haiwaikan"
            ],
            "regex": [
                "10.0099",
                "10.3333",
                "16.0599",
                "8.1748",
                "12.33",
                "10.85"
            ]
        },
        {
            "name": "火山嗅探",
            "hosts": [
                "huoshan.com"
            ],
            "regex": [
                "item_id="
            ]
        },
        {
            "name": "抖音嗅探",
            "hosts": [
                "douyin.com"
            ],
            "regex": [
                "is_play_url="
            ]
        },
        {
            "name": "農民嗅探",
            "hosts": [
                "toutiaovod.com"
            ],
            "regex": [
                "video/tos/cn"
            ]
        },
        {
            "name": "新视觉嗅探",
            "hosts": [
                "muzhi-video.bj.bcebos.com"
            ],
            "regex": [
                "202403/"
            ]
        },
        {
            "name": "七新嗅探",
            "hosts": [
                "api.52wyb.com"
            ],
            "regex": [
                "m3u8?pt=m3u8"
            ]
        },
        {
            "name": "夜市點擊",
            "hosts": [
                "yeslivetv.com"
            ],
            "script": [
                "document.getElementsByClassName('vjs-big-play-button')[0].click()"
            ]
        },
        {
            "name": "毛驢點擊",
            "hosts": [
                "www.maolvys.com"
            ],
            "script": [
                "document.getElementsByClassName('swal-button swal-button--confirm')[0].click()"
            ]
        }
    ],
    "ads": [
        "mozai.4gtv.tv",
        "pv.vipwm.cc",
        "static-mozai.4gtv.tv"
    ],
    "lives": [
        {
            "name": "冰茶",
            "type": 0,
            "url": "./lives/冰茶.txt",
            "ua": "bingcha/1.1 (mianfeifenxiang)"
        }
    ],
    "headers": [
        {
            "host": "hlsztemgsplive.miguvideo.com",
            "header": {
                "User-Agent": "bingcha/1.1 (mianfeifenxiang) "
            }
        }
    ]
}