[
    {
        "name": "小雅",
        "server": "http://alist.xiaoya.pro"
    },
    {
        "name": "热心网友",
        "server": "https://pan.lm379.cn"
    },
    {
        "name": "觸光",
        "server": "https://pan.ichuguang.com"
    },
    {
        "name": "一只魚",
        "server": "https://vtok.pp.ua/"
    },
    {
        "name": "七米藍",
        "server": "https://al.chirmyram.com"
    },
    {
        "name": "神族九帝",
        "server": "https://alist.shenzjd.com"
    },
    {
        "name": "梓澪",
        "server": "https://zi0.cc"
    },
    {
        "name": "範本",
        "server": "https://one.fongmi.com",
        "search": true,
        "hidden": false,
        "login": {
            "username": "fongmi",
            "password": "fongmi"
        },
        "params": [
            {
                "path": "/安齋拉拉",
                "pass": "18181818"
            }
        ]
    }
]