{"class":[{"type_name":"沙雕动漫","type_id":"一口气沙雕动漫"},{"type_name":"宝贝啾啾","type_id":"超级宝贝啾啾"},{"type_name":"熊猫博士","type_id":"熊猫博士"},{"type_name":"宝宝巴士","type_id":"宝宝巴士动画合集"},{"type_name":"贝乐虎","type_id":"贝乐虎超清"},{"type_name":"萌鸡小队","type_id":"萌鸡小队超清"},{"type_name":"爱探险的朵拉","type_id":"爱探险的朵拉"},{"type_name":"儿歌多多","type_id":"儿歌多多超清"},{"type_name":"国学启蒙","type_id":"国学启蒙"},{"type_name":"儿童","type_id":"儿童超清"},{"type_name":"幼儿英语","type_id":"幼儿英语"},{"type_name":"思维课程","type_id":"少儿思维"},{"type_name":"少儿口才","type_id":"少儿口才"},{"type_name":"十万个为什么","type_id":"十万个为什么"},{"type_name":"DK百科","type_id":"DK百科"},{"type_name":"小灯塔学堂","type_id":"小灯塔"},{"type_name":"成语故事","type_id":"成语故事"},{"type_name":"悟空识字","type_id":"悟空识字"},{"type_name":"少儿","type_id":"CCTV14少儿频道合集"},{"type_name":"儿童益智","type_id":"3-6岁益智动画合集"},{"type_name":"兔小贝","type_id":"兔小贝"},{"type_name":"熊出没","type_id":"熊出没"},{"type_name":"喜羊羊","type_id":"喜羊羊与灰太狼"},{"type_name":"哆啦A梦","type_id":"哆啦A梦"},{"type_name":"儿童早教","type_id":"儿童早教"},{"type_name":"儿童安全教育","type_id":"儿童安全教育"},{"type_name":"儿童歌曲","type_id":"儿童歌曲"},{"type_name":"儿童绘画","type_id":"儿童绘画"},{"type_name":"儿童动画","type_id":"儿童动画"},{"type_name":"儿童音乐","type_id":"儿童音乐"},{"type_name":"贝瓦儿歌","type_id":"贝瓦儿歌"}],"filters":{"一口气沙雕动漫":[{"key":"order","name":"排序","value":[{"n":"综合排序","v":"0"},{"n":"最多点击","v":"click"},{"n":"最新发布","v":"pubdate"},{"n":"最多弹幕","v":"dm"},{"n":"最多收藏","v":"stow"}]},{"key":"duration","name":"时长","value":[{"n":"全部","v":"0"},{"n":"60分钟以上","v":"4"},{"n":"30~60分钟","v":"3"},{"n":"10~30分钟","v":"2"},{"n":"10分钟以下","v":"1"}]}],"超级宝贝啾啾":[{"key":"order","name":"排序","value":[{"n":"综合排序","v":"0"},{"n":"最多点击","v":"click"},{"n":"最新发布","v":"pubdate"},{"n":"最多弹幕","v":"dm"},{"n":"最多收藏","v":"stow"}]},{"key":"duration","name":"时长","value":[{"n":"全部","v":"0"},{"n":"60分钟以上","v":"4"},{"n":"30~60分钟","v":"3"},{"n":"10~30分钟","v":"2"},{"n":"10分钟以下","v":"1"}]}],"熊猫博士":[{"key":"order","name":"排序","value":[{"n":"综合排序","v":"0"},{"n":"最多点击","v":"click"},{"n":"最新发布","v":"pubdate"},{"n":"最多弹幕","v":"dm"},{"n":"最多收藏","v":"stow"}]},{"key":"duration","name":"时长","value":[{"n":"全部","v":"0"},{"n":"60分钟以上","v":"4"},{"n":"30~60分钟","v":"3"},{"n":"10~30分钟","v":"2"},{"n":"10分钟以下","v":"1"}]}],"宝宝巴士动画合集":[{"key":"order","name":"排序","value":[{"n":"综合排序","v":"0"},{"n":"最多点击","v":"click"},{"n":"最新发布","v":"pubdate"},{"n":"最多弹幕","v":"dm"},{"n":"最多收藏","v":"stow"}]},{"key":"duration","name":"时长","value":[{"n":"全部","v":"0"},{"n":"60分钟以上","v":"4"},{"n":"30~60分钟","v":"3"},{"n":"10~30分钟","v":"2"},{"n":"10分钟以下","v":"1"}]}],"贝乐虎超清":[{"key":"order","name":"排序","value":[{"n":"综合排序","v":"0"},{"n":"最多点击","v":"click"},{"n":"最新发布","v":"pubdate"},{"n":"最多弹幕","v":"dm"},{"n":"最多收藏","v":"stow"}]},{"key":"duration","name":"时长","value":[{"n":"全部","v":"0"},{"n":"60分钟以上","v":"4"},{"n":"30~60分钟","v":"3"},{"n":"10~30分钟","v":"2"},{"n":"10分钟以下","v":"1"}]}],"萌鸡小队超清":[{"key":"order","name":"排序","value":[{"n":"综合排序","v":"0"},{"n":"最多点击","v":"click"},{"n":"最新发布","v":"pubdate"},{"n":"最多弹幕","v":"dm"},{"n":"最多收藏","v":"stow"}]},{"key":"duration","name":"时长","value":[{"n":"全部","v":"0"},{"n":"60分钟以上","v":"4"},{"n":"30~60分钟","v":"3"},{"n":"10~30分钟","v":"2"},{"n":"10分钟以下","v":"1"}]}],"爱探险的朵拉":[{"key":"order","name":"排序","value":[{"n":"综合排序","v":"0"},{"n":"最多点击","v":"click"},{"n":"最新发布","v":"pubdate"},{"n":"最多弹幕","v":"dm"},{"n":"最多收藏","v":"stow"}]},{"key":"duration","name":"时长","value":[{"n":"全部","v":"0"},{"n":"60分钟以上","v":"4"},{"n":"30~60分钟","v":"3"},{"n":"10~30分钟","v":"2"},{"n":"10分钟以下","v":"1"}]}],"儿歌多多超清":[{"key":"order","name":"排序","value":[{"n":"综合排序","v":"0"},{"n":"最多点击","v":"click"},{"n":"最新发布","v":"pubdate"},{"n":"最多弹幕","v":"dm"},{"n":"最多收藏","v":"stow"}]},{"key":"duration","name":"时长","value":[{"n":"全部","v":"0"},{"n":"60分钟以上","v":"4"},{"n":"30~60分钟","v":"3"},{"n":"10~30分钟","v":"2"},{"n":"10分钟以下","v":"1"}]}],"国学启蒙":[{"key":"order","name":"排序","value":[{"n":"综合排序","v":"0"},{"n":"最多点击","v":"click"},{"n":"最新发布","v":"pubdate"},{"n":"最多弹幕","v":"dm"},{"n":"最多收藏","v":"stow"}]},{"key":"duration","name":"时长","value":[{"n":"全部","v":"0"},{"n":"60分钟以上","v":"4"},{"n":"30~60分钟","v":"3"},{"n":"10~30分钟","v":"2"},{"n":"10分钟以下","v":"1"}]}],"儿童超清":[{"key":"order","name":"排序","value":[{"n":"综合排序","v":"0"},{"n":"最多点击","v":"click"},{"n":"最新发布","v":"pubdate"},{"n":"最多弹幕","v":"dm"},{"n":"最多收藏","v":"stow"}]},{"key":"duration","name":"时长","value":[{"n":"全部","v":"0"},{"n":"60分钟以上","v":"4"},{"n":"30~60分钟","v":"3"},{"n":"10~30分钟","v":"2"},{"n":"10分钟以下","v":"1"}]}],"幼儿英语":[{"key":"tid","name":"分类","value":[{"n":"幼儿英语","v":"幼儿英语"},{"n":"英语启蒙","v":"英语启蒙"},{"n":"英文绘本","v":"英文绘本"},{"n":"Tumble Leaf飘零叶","v":"Tumble Leaf飘零叶"},{"n":"清华附小动画英语","v":"清华附小动画英语"},{"n":"牛津树","v":"牛津树"},{"n":"6岁英文启蒙动画","v":"6岁英文启蒙动画"},{"n":"动物王国大冒险","v":"动物王国大冒险"},{"n":"世界经典童话合集","v":"世界经典童话合集"},{"n":"火火兔学前英语","v":"火火兔学前英语"},{"n":"亲子英语","v":"亲子英语"},{"n":"国外幼儿园英语","v":"国外幼儿园英语"}]},{"key":"order","name":"排序","value":[{"n":"综合排序","v":"0"},{"n":"最多点击","v":"click"},{"n":"最新发布","v":"pubdate"},{"n":"最多弹幕","v":"dm"},{"n":"最多收藏","v":"stow"}]},{"key":"duration","name":"时长","value":[{"n":"全部","v":"0"},{"n":"60分钟以上","v":"4"},{"n":"30~60分钟","v":"3"},{"n":"10~30分钟","v":"2"},{"n":"10分钟以下","v":"1"}]}],"少儿思维":[{"key":"tid","name":"分类","value":[{"n":"全部","v":"少儿思维"},{"n":"幼小衔接数学思维课","v":"幼小衔接数学思维课"},{"n":"数学思维","v":"数学思维启蒙"},{"n":"摩比爱数学","v":"摩比爱数学"},{"n":"数理思维","v":"数理思维"},{"n":"火花思维","v":"火花思维"},{"n":"幼儿思维","v":"幼儿思维训练"},{"n":"数学思维培养","v":"数学思维培养"},{"n":"儿童思维","v":"儿童思维训练"},{"n":"幼儿思维推理训练","v":"幼儿思维推理训练"}]},{"key":"duration","name":"时长","value":[{"n":"全部","v":"0"},{"n":"60分钟以上","v":"4"},{"n":"30~60分钟","v":"3"},{"n":"10~30分钟","v":"2"},{"n":"10分钟以下","v":"1"}]}],"少儿口才":[{"key":"tid","name":"分类","value":[{"n":"全部","v":"少儿口才"},{"n":"孩子必学口才表达","v":"孩子必学口才表达"},{"n":"儿童表达力","v":"儿童表达力"}]},{"key":"duration","name":"时长","value":[{"n":"全部","v":"0"},{"n":"60分钟以上","v":"4"},{"n":"30~60分钟","v":"3"},{"n":"10~30分钟","v":"2"},{"n":"10分钟以下","v":"1"}]}],"十万个为什么":[{"key":"tid","name":"分类","value":[{"n":"全部","v":"十万个为什么"},{"n":"科普启蒙","v":"科普启蒙"},{"n":"儿童科普","v":"儿童科普"}]},{"key":"duration","name":"时长","value":[{"n":"全部","v":"0"},{"n":"60分钟以上","v":"4"},{"n":"30~60分钟","v":"3"},{"n":"10~30分钟","v":"2"},{"n":"10分钟以下","v":"1"}]}],"DK百科":[{"key":"tid","name":"分类","value":[{"n":"全部","v":"DK百科"},{"n":"幼儿百科","v":"幼儿百科"},{"n":"儿童百科","v":"儿童百科"}]},{"key":"duration","name":"时长","value":[{"n":"全部","v":"0"},{"n":"60分钟以上","v":"4"},{"n":"30~60分钟","v":"3"},{"n":"10~30分钟","v":"2"},{"n":"10分钟以下","v":"1"}]}],"小灯塔":[{"key":"tid","name":"分类","value":[{"n":"全部","v":"小灯塔"},{"n":"昆虫世界总动员","v":"昆虫世界总动员"},{"n":"玩转奇妙动物世界","v":"玩转奇妙动物世界"},{"n":"探秘地球南北极","v":"探秘地球南北极"},{"n":"给孩子的第一堂海洋课","v":"给孩子的第一堂海洋课"},{"n":"stem奇妙科学课","v":"stem奇妙科学课"},{"n":"剑桥数学启蒙课","v":"剑桥数学启蒙课"},{"n":"给孩子的财商启蒙教育","v":"给孩子的财商启蒙教育"},{"n":"古诗里的二十四节气","v":"古诗里的二十四节气"},{"n":"成语动画","v":"成语动画"},{"n":"十二生肖","v":"十二生肖"},{"n":"天才发明家","v":"天才发明家"},{"n":"神奇的汉字","v":"神奇的汉字"}]},{"key":"duration","name":"时长","value":[{"n":"全部","v":"0"},{"n":"60分钟以上","v":"4"},{"n":"30~60分钟","v":"3"},{"n":"10~30分钟","v":"2"},{"n":"10分钟以下","v":"1"}]}],"成语故事":[{"key":"tid","name":"分类","value":[{"n":"成语故事","v":"成语故事"}]},{"key":"duration","name":"时长","value":[{"n":"全部","v":"0"},{"n":"60分钟以上","v":"4"},{"n":"30~60分钟","v":"3"},{"n":"10~30分钟","v":"2"},{"n":"10分钟以下","v":"1"}]}],"悟空识字":[{"key":"order","name":"排序","value":[{"n":"综合排序","v":"0"},{"n":"最多点击","v":"click"},{"n":"最新发布","v":"pubdate"},{"n":"最多弹幕","v":"dm"},{"n":"最多收藏","v":"stow"}]},{"key":"duration","name":"时长","value":[{"n":"全部","v":"0"},{"n":"60分钟以上","v":"4"},{"n":"30~60分钟","v":"3"},{"n":"10~30分钟","v":"2"},{"n":"10分钟以下","v":"1"}]}],"CCTV14少儿频道合集":[{"key":"order","name":"排序","value":[{"n":"综合排序","v":"0"},{"n":"最多点击","v":"click"},{"n":"最新发布","v":"pubdate"},{"n":"最多弹幕","v":"dm"},{"n":"最多收藏","v":"stow"}]},{"key":"duration","name":"时长","value":[{"n":"全部","v":"0"},{"n":"60分钟以上","v":"4"},{"n":"30~60分钟","v":"3"},{"n":"10~30分钟","v":"2"},{"n":"10分钟以下","v":"1"}]}],"3-6岁益智动画合集":[{"key":"order","name":"排序","value":[{"n":"综合排序","v":"0"},{"n":"最多点击","v":"click"},{"n":"最新发布","v":"pubdate"},{"n":"最多弹幕","v":"dm"},{"n":"最多收藏","v":"stow"}]},{"key":"duration","name":"时长","value":[{"n":"全部","v":"0"},{"n":"60分钟以上","v":"4"},{"n":"30~60分钟","v":"3"},{"n":"10~30分钟","v":"2"},{"n":"10分钟以下","v":"1"}]}],"兔小贝":[{"key":"order","name":"排序","value":[{"n":"综合排序","v":"0"},{"n":"最多点击","v":"click"},{"n":"最新发布","v":"pubdate"},{"n":"最多弹幕","v":"dm"},{"n":"最多收藏","v":"stow"}]},{"key":"duration","name":"时长","value":[{"n":"全部","v":"0"},{"n":"60分钟以上","v":"4"},{"n":"30~60分钟","v":"3"},{"n":"10~30分钟","v":"2"},{"n":"10分钟以下","v":"1"}]}],"熊出没":[{"key":"order","name":"排序","value":[{"n":"综合排序","v":"0"},{"n":"最多点击","v":"click"},{"n":"最新发布","v":"pubdate"},{"n":"最多弹幕","v":"dm"},{"n":"最多收藏","v":"stow"}]},{"key":"duration","name":"时长","value":[{"n":"全部","v":"0"},{"n":"60分钟以上","v":"4"},{"n":"30~60分钟","v":"3"},{"n":"10~30分钟","v":"2"},{"n":"10分钟以下","v":"1"}]}],"喜羊羊与灰太狼":[{"key":"order","name":"排序","value":[{"n":"综合排序","v":"0"},{"n":"最多点击","v":"click"},{"n":"最新发布","v":"pubdate"},{"n":"最多弹幕","v":"dm"},{"n":"最多收藏","v":"stow"}]},{"key":"duration","name":"时长","value":[{"n":"全部","v":"0"},{"n":"60分钟以上","v":"4"},{"n":"30~60分钟","v":"3"},{"n":"10~30分钟","v":"2"},{"n":"10分钟以下","v":"1"}]}],"哆啦A梦":[{"key":"order","name":"排序","value":[{"n":"综合排序","v":"0"},{"n":"最多点击","v":"click"},{"n":"最新发布","v":"pubdate"},{"n":"最多弹幕","v":"dm"},{"n":"最多收藏","v":"stow"}]},{"key":"duration","name":"时长","value":[{"n":"全部","v":"0"},{"n":"60分钟以上","v":"4"},{"n":"30~60分钟","v":"3"},{"n":"10~30分钟","v":"2"},{"n":"10分钟以下","v":"1"}]}],"儿童早教":[{"key":"order","name":"排序","value":[{"n":"综合排序","v":"0"},{"n":"最多点击","v":"click"},{"n":"最新发布","v":"pubdate"},{"n":"最多弹幕","v":"dm"},{"n":"最多收藏","v":"stow"}]},{"key":"duration","name":"时长","value":[{"n":"全部","v":"0"},{"n":"60分钟以上","v":"4"},{"n":"30~60分钟","v":"3"},{"n":"10~30分钟","v":"2"},{"n":"10分钟以下","v":"1"}]}],"儿童安全教育":[{"key":"order","name":"排序","value":[{"n":"综合排序","v":"0"},{"n":"最多点击","v":"click"},{"n":"最新发布","v":"pubdate"},{"n":"最多弹幕","v":"dm"},{"n":"最多收藏","v":"stow"}]},{"key":"duration","name":"时长","value":[{"n":"全部","v":"0"},{"n":"60分钟以上","v":"4"},{"n":"30~60分钟","v":"3"},{"n":"10~30分钟","v":"2"},{"n":"10分钟以下","v":"1"}]}],"儿童歌曲":[{"key":"order","name":"排序","value":[{"n":"综合排序","v":"0"},{"n":"最多点击","v":"click"},{"n":"最新发布","v":"pubdate"},{"n":"最多弹幕","v":"dm"},{"n":"最多收藏","v":"stow"}]},{"key":"duration","name":"时长","value":[{"n":"全部","v":"0"},{"n":"60分钟以上","v":"4"},{"n":"30~60分钟","v":"3"},{"n":"10~30分钟","v":"2"},{"n":"10分钟以下","v":"1"}]}],"儿童绘画":[{"key":"order","name":"排序","value":[{"n":"综合排序","v":"0"},{"n":"最多点击","v":"click"},{"n":"最新发布","v":"pubdate"},{"n":"最多弹幕","v":"dm"},{"n":"最多收藏","v":"stow"}]},{"key":"duration","name":"时长","value":[{"n":"全部","v":"0"},{"n":"60分钟以上","v":"4"},{"n":"30~60分钟","v":"3"},{"n":"10~30分钟","v":"2"},{"n":"10分钟以下","v":"1"}]}],"儿童动画":[{"key":"order","name":"排序","value":[{"n":"综合排序","v":"0"},{"n":"最多点击","v":"click"},{"n":"最新发布","v":"pubdate"},{"n":"最多弹幕","v":"dm"},{"n":"最多收藏","v":"stow"}]},{"key":"duration","name":"时长","value":[{"n":"全部","v":"0"},{"n":"60分钟以上","v":"4"},{"n":"30~60分钟","v":"3"},{"n":"10~30分钟","v":"2"},{"n":"10分钟以下","v":"1"}]}],"儿童音乐":[{"key":"order","name":"排序","value":[{"n":"综合排序","v":"0"},{"n":"最多点击","v":"click"},{"n":"最新发布","v":"pubdate"},{"n":"最多弹幕","v":"dm"},{"n":"最多收藏","v":"stow"}]},{"key":"duration","name":"时长","value":[{"n":"全部","v":"0"},{"n":"60分钟以上","v":"4"},{"n":"30~60分钟","v":"3"},{"n":"10~30分钟","v":"2"},{"n":"10分钟以下","v":"1"}]}],"贝瓦儿歌":[{"key":"order","name":"排序","value":[{"n":"综合排序","v":"0"},{"n":"最多点击","v":"click"},{"n":"最新发布","v":"pubdate"},{"n":"最多弹幕","v":"dm"},{"n":"最多收藏","v":"stow"}]},{"key":"duration","name":"时长","value":[{"n":"全部","v":"0"},{"n":"60分钟以上","v":"4"},{"n":"30~60分钟","v":"3"},{"n":"10~30分钟","v":"2"},{"n":"10分钟以下","v":"1"}]}]}}