{"class":[{"type_name":"美食","type_id":"美食"},{"type_name":"披萨","type_id":"披萨"},{"type_name":"火锅","type_id":"火锅"},{"type_name":"烧烤","type_id":"烧烤"},{"type_name":"烤鱼","type_id":"烤鱼"},{"type_name":"海鲜","type_id":"海鲜"},{"type_name":"津菜","type_id":"津菜"},{"type_name":"川菜","type_id":"川菜"},{"type_name":"湘菜","type_id":"湘菜"},{"type_name":"鲁菜","type_id":"鲁菜"},{"type_name":"苏菜","type_id":"苏菜"},{"type_name":"闽菜","type_id":"闽菜"},{"type_name":"粤菜","type_id":"粤菜"},{"type_name":"东北菜","type_id":"东北菜"},{"type_name":"冀菜","type_id":"冀菜"},{"type_name":"豫菜","type_id":"豫菜"},{"type_name":"鄂菜","type_id":"鄂菜"},{"type_name":"本帮菜","type_id":"本帮菜"},{"type_name":"客家菜","type_id":"客家菜"},{"type_name":"赣菜","type_id":"赣菜"},{"type_name":"京菜","type_id":"京菜"},{"type_name":"浙菜","type_id":"浙菜"},{"type_name":"徽菜","type_id":"徽菜"},{"type_name":"湘菜","type_id":"湘菜"},{"type_name":"凉菜","type_id":"凉菜"},{"type_name":"蒸菜","type_id":"蒸菜"},{"type_name":"日料","type_id":"日料"},{"type_name":"点心","type_id":"点心"},{"type_name":"面食","type_id":"面食"},{"type_name":"汉堡","type_id":"汉堡"},{"type_name":"小吃","type_id":"小吃"},{"type_name":"素食","type_id":"素食"},{"type_name":"韩国菜","type_id":"韩国菜"},{"type_name":"泰国菜","type_id":"泰国菜"},{"type_name":"穆斯林菜","type_id":"穆斯林菜"},{"type_name":"土耳其菜系","type_id":"土耳其菜系"},{"type_name":"法国菜","type_id":"法国菜"},{"type_name":"意大利菜","type_id":"意大利菜"},{"type_name":"希腊菜","type_id":"希腊菜"},{"type_name":"德国菜","type_id":"德国菜"},{"type_name":"西班牙菜","type_id":"西班牙菜"},{"type_name":"阿拉伯菜","type_id":"阿拉伯菜"},{"type_name":"伊朗菜","type_id":"伊朗菜"},{"type_name":"中亚菜","type_id":"中亚菜"},{"type_name":"糖尿病菜","type_id":"糖尿病菜"},{"type_name":"早餐","type_id":"早餐"}],"filters":{"美食":[{"key":"order","name":"排序","value":[{"n":"综合排序","v":"0"},{"n":"最多点击","v":"click"},{"n":"最新发布","v":"pubdate"},{"n":"最多弹幕","v":"dm"},{"n":"最多收藏","v":"stow"}]},{"key":"duration","name":"时长","value":[{"n":"全部时长","v":"0"},{"n":"60分钟以上","v":"4"},{"n":"30~60分钟","v":"3"},{"n":"10~30分钟","v":"2"},{"n":"10分钟以下","v":"1"}]},{"key":"tid","name":"分类","value":[{"n":"全部","v":"美食"},{"n":"火锅","v":"火锅"},{"n":"面食","v":"面食"},{"n":"炒菜","v":"炒菜"},{"n":"点心","v":"点心"},{"n":"日料","v":"日料"},{"n":"小吃","v":"小吃"},{"n":"素食","v":"素食"},{"n":"川菜","v":"川菜"},{"n":"湘菜","v":"湘菜"},{"n":"鲁菜","v":"鲁菜"},{"n":"浙菜","v":"浙菜"},{"n":"苏菜","v":"苏菜"},{"n":"徽菜","v":"徽菜"},{"n":"闽菜","v":"闽菜"},{"n":"蒸菜","v":"蒸菜"},{"n":"凉菜","v":"凉菜"},{"n":"早餐","v":"早餐"}]}],"火锅":[{"key":"order","name":"排序","value":[{"n":"综合排序","v":"0"},{"n":"最多点击","v":"click"},{"n":"最新发布","v":"pubdate"},{"n":"最多弹幕","v":"dm"},{"n":"最多收藏","v":"stow"}]},{"key":"duration","name":"时长","value":[{"n":"全部时长","v":"0"},{"n":"60分钟以上","v":"4"},{"n":"30~60分钟","v":"3"},{"n":"10~30分钟","v":"2"},{"n":"10分钟以下","v":"1"}]}],"披萨":[{"key":"order","name":"排序","value":[{"n":"综合排序","v":"0"},{"n":"最多点击","v":"click"},{"n":"最新发布","v":"pubdate"},{"n":"最多弹幕","v":"dm"},{"n":"最多收藏","v":"stow"}]},{"key":"duration","name":"时长","value":[{"n":"全部时长","v":"0"},{"n":"60分钟以上","v":"4"},{"n":"30~60分钟","v":"3"},{"n":"10~30分钟","v":"2"},{"n":"10分钟以下","v":"1"}]},{"key":"tid","name":"分类","value":[{"n":"全部","v":"披萨"},{"n":"选材","v":"披萨选材"},{"n":"制作","v":"披萨制作"}]}],"川菜":[{"key":"order","name":"排序","value":[{"n":"综合排序","v":"0"},{"n":"最多点击","v":"click"},{"n":"最新发布","v":"pubdate"},{"n":"最多弹幕","v":"dm"},{"n":"最多收藏","v":"stow"}]},{"key":"duration","name":"时长","value":[{"n":"全部时长","v":"0"},{"n":"60分钟以上","v":"4"},{"n":"30~60分钟","v":"3"},{"n":"10~30分钟","v":"2"},{"n":"10分钟以下","v":"1"}]}],"日料":[{"key":"order","name":"排序","value":[{"n":"综合排序","v":"0"},{"n":"最多点击","v":"click"},{"n":"最新发布","v":"pubdate"},{"n":"最多弹幕","v":"dm"},{"n":"最多收藏","v":"stow"}]},{"key":"duration","name":"时长","value":[{"n":"全部时长","v":"0"},{"n":"60分钟以上","v":"4"},{"n":"30~60分钟","v":"3"},{"n":"10~30分钟","v":"2"},{"n":"10分钟以下","v":"1"}]}],"湘菜":[{"key":"order","name":"排序","value":[{"n":"综合排序","v":"0"},{"n":"最多点击","v":"click"},{"n":"最新发布","v":"pubdate"},{"n":"最多弹幕","v":"dm"},{"n":"最多收藏","v":"stow"}]},{"key":"duration","name":"时长","value":[{"n":"全部时长","v":"0"},{"n":"60分钟以上","v":"4"},{"n":"30~60分钟","v":"3"},{"n":"10~30分钟","v":"2"},{"n":"10分钟以下","v":"1"}]}],"早餐":[{"key":"order","name":"排序","value":[{"n":"综合排序","v":"0"},{"n":"最多点击","v":"click"},{"n":"最新发布","v":"pubdate"},{"n":"最多弹幕","v":"dm"},{"n":"最多收藏","v":"stow"}]},{"key":"duration","name":"时长","value":[{"n":"全部时长","v":"0"},{"n":"60分钟以上","v":"4"},{"n":"30~60分钟","v":"3"},{"n":"10~30分钟","v":"2"},{"n":"10分钟以下","v":"1"}]}]}}