[{"type_id":"总裁","type_name":"总裁"},{"type_id":"女帝","type_name":"女帝"},{"type_id":"都市","type_name":"都市"},{"type_id":"赘婿","type_name":"赘婿"},{"type_id":"战神","type_name":"战神"},{"type_id":"古代言情","type_name":"古代言情"},{"type_id":"现代言情","type_name":"现代言情"},{"type_id":"历史","type_name":"历史"},{"type_id":"脑洞","type_name":"脑洞"},{"type_id":"玄幻","type_name":"玄幻"},{"type_id":"电视节目","type_name":"电视节目"},{"type_id":"搞笑","type_name":"搞笑"},{"type_id":"网剧","type_name":"网剧"},{"type_id":"喜剧","type_name":"喜剧"},{"type_id":"萌宝","type_name":"萌宝"},{"type_id":"神豪","type_name":"神豪"},{"type_id":"致富","type_name":"致富"},{"type_id":"奇幻脑洞","type_name":"奇幻脑洞"},{"type_id":"超能","type_name":"超能"},{"type_id":"强者回归","type_name":"强者回归"},{"type_id":"甜宠","type_name":"甜宠"},{"type_id":"励志","type_name":"励志"},{"type_id":"豪门恩怨","type_name":"豪门恩怨"},{"type_id":"复仇","type_name":"复仇"},{"type_id":"长生","type_name":"长生"},{"type_id":"神医","type_name":"神医"},{"type_id":"马甲","type_name":"马甲"},{"type_id":"亲情","type_name":"亲情"},{"type_id":"小人物","type_name":"小人物"},{"type_id":"奇幻","type_name":"奇幻"},{"type_id":"无敌","type_name":"无敌"},{"type_id":"现实","type_name":"现实"},{"type_id":"重生","type_name":"重生"},{"type_id":"闪婚","type_name":"闪婚"},{"type_id":"职场商战","type_name":"职场商战"},{"type_id":"穿越","type_name":"穿越"},{"type_id":"年代","type_name":"年代"},{"type_id":"权谋","type_name":"权谋"},{"type_id":"高手下山","type_name":"高手下山"},{"type_id":"悬疑","type_name":"悬疑"},{"type_id":"家国情仇","type_name":"家国情仇"},{"type_id":"虐恋","type_name":"虐恋"},{"type_id":"古装","type_name":"古装"},{"type_id":"时空之旅","type_name":"时空之旅"},{"type_id":"玄幻仙侠","type_name":"玄幻仙侠"},{"type_id":"欢喜冤家","type_name":"欢喜冤家"},{"type_id":"传承觉醒","type_name":"传承觉醒"},{"type_id":"情感","type_name":"情感"},{"type_id":"逆袭","type_name":"逆袭"},{"type_id":"家庭","type_name":"家庭"}]