[
    {
        "name": "虎牙直播",
        "url": "http://rihou.cc:88/json/虎牙.txt&&&https://i1.mcobj.com//uploads//20220514_627f51cdc2e2f.png?para=1920x1080"
    },
    {
        "name": "歪歪直播",
        "url": "http://rihou.cc:88/json/轮播.txt&&&https://i1.mcobj.com//uploads//20220514_627f51cdc2e2f.png?para=1920x1080"
    },
    {
        "name": "热播电影",
        "url": "http://rihou.cc:88/json/热播.m3u&&&https://i1.mcobj.com//uploads//20220514_627f51cdc2e2f.png?para=1920x1080"
    },
    {
        "name": "电影3万",
        "url": "http://rihou.cc:88/json/电影3万.txt&&&https://i1.mcobj.com//uploads//20220514_627f51cdc2e2f.png?para=1920x1080"
    }
]