{"mv":[{"key":"class","name":"类型","value":[{"n":"全部","v":""},{"n":"剧情","v":"剧情"},{"n":"科幻","v":"科幻"},{"n":"动作","v":"动作"},{"n":"喜剧","v":"喜剧"},{"n":"爱情","v":"爱情"},{"n":"冒险","v":"冒险"},{"n":"儿童","v":"儿童"},{"n":"歌舞","v":"歌舞"},{"n":"音乐","v":"音乐"},{"n":"奇幻","v":"奇幻"},{"n":"动画","v":"动画"},{"n":"恐怖","v":"恐怖"},{"n":"惊悚","v":"惊悚"},{"n":"丧尸","v":"丧尸"},{"n":"战争","v":"战争"},{"n":"传记","v":"传记"},{"n":"纪录","v":"纪录"},{"n":"犯罪","v":"犯罪"},{"n":"悬疑","v":"悬疑"},{"n":"西部","v":"西部"},{"n":"灾难","v":"灾难"},{"n":"古装","v":"古装"},{"n":"武侠","v":"武侠"},{"n":"家庭","v":"家庭"},{"n":"短片","v":"短片"},{"n":"校园","v":"校园"},{"n":"文艺","v":"文艺"},{"n":"运动","v":"运动"},{"n":"青春","v":"青春"},{"n":"同性","v":"同性"},{"n":"励志","v":"励志"},{"n":"人性","v":"人性"},{"n":"美食","v":"美食"},{"n":"女性","v":"女性"},{"n":"治愈","v":"治愈"},{"n":"历史","v":"历史"},{"n":"真人秀","v":"真人秀"},{"n":"脱口秀","v":"脱口秀"}]},{"key":"year","name":"年代","value":[{"n":"全部","v":""},{"n":"2026","v":"2026"},{"n":"2025","v":"2025"},{"n":"2024","v":"2024"},{"n":"2023","v":"2023"},{"n":"2022","v":"2022"},{"n":"2021","v":"2021"},{"n":"2020","v":"2020"},{"n":"2019","v":"2019"},{"n":"2018","v":"2018"},{"n":"2017","v":"2017"},{"n":"2016","v":"2016"},{"n":"2015","v":"2015"},{"n":"20年代","v":"120"},{"n":"10年代","v":"110"},{"n":"00年代","v":"100"},{"n":"90年代","v":"90"},{"n":"80年代","v":"80"},{"n":"70年代","v":"70"},{"n":"60年代","v":"60"},{"n":"更早","v":"1"}]},{"key":"area","name":"地区","value":[{"n":"全部","v":""},{"n":"大陆","v":"大陆"},{"n":"香港","v":"香港"},{"n":"台湾","v":"台湾"},{"n":"海外","v":"海外"},{"n":"欧美","v":"欧美"},{"n":"美国","v":"美国"},{"n":"日本","v":"日本"},{"n":"韩国","v":"韩国"},{"n":"英国","v":"英国"},{"n":"法国","v":"法国"},{"n":"德国","v":"德国"},{"n":"印度","v":"印度"},{"n":"泰国","v":"泰国"},{"n":"瑞典","v":"瑞典"},{"n":"巴西","v":"巴西"},{"n":"加拿大","v":"加拿大"},{"n":"俄罗斯","v":"俄罗斯"},{"n":"意大利","v":"意大利"},{"n":"比利时","v":"比利时"},{"n":"西班牙","v":"西班牙"},{"n":"澳大利亚","v":"澳大利亚"}]},{"key":"language","name":"语言","value":[{"n":"全部","v":""},{"n":"英语","v":"英语"},{"n":"法语","v":"法语"},{"n":"国语","v":"国语"},{"n":"粤语","v":"粤语"},{"n":"日语","v":"日语"},{"n":"韩语","v":"韩语"},{"n":"泰语","v":"泰语"},{"n":"德语","v":"德语"},{"n":"俄语","v":"俄语"},{"n":"闽南语","v":"闽南语"},{"n":"丹麦语","v":"丹麦语"},{"n":"波兰语","v":"波兰语"},{"n":"瑞典语","v":"瑞典语"},{"n":"印地语","v":"印地语"},{"n":"挪威语","v":"挪威语"},{"n":"意大利语","v":"意大利语"},{"n":"西班牙语","v":"西班牙语"},{"n":"无对白","v":"无对白"}]},{"key":"sort","name":"排序","value":[{"n":"更新时间","v":""},{"n":"添加时间","v":"addtime"},{"n":"上映时间","v":"date"},{"n":"评分最高","v":"score"},{"n":"评分人数","v":"number"},{"n":"评分总人数","v":"numbers"},{"n":"综合评分","v":"cscore"}]}],"tv":[{"key":"class","name":"类型","value":[{"n":"全部","v":""},{"n":"剧情","v":"剧情"},{"n":"科幻","v":"科幻"},{"n":"动作","v":"动作"},{"n":"喜剧","v":"喜剧"},{"n":"爱情","v":"爱情"},{"n":"冒险","v":"冒险"},{"n":"儿童","v":"儿童"},{"n":"歌舞","v":"歌舞"},{"n":"音乐","v":"音乐"},{"n":"奇幻","v":"奇幻"},{"n":"动画","v":"动画"},{"n":"恐怖","v":"恐怖"},{"n":"惊悚","v":"惊悚"},{"n":"丧尸","v":"丧尸"},{"n":"战争","v":"战争"},{"n":"传记","v":"传记"},{"n":"纪录","v":"纪录"},{"n":"犯罪","v":"犯罪"},{"n":"悬疑","v":"悬疑"},{"n":"西部","v":"西部"},{"n":"灾难","v":"灾难"},{"n":"古装","v":"古装"},{"n":"武侠","v":"武侠"},{"n":"家庭","v":"家庭"},{"n":"短片","v":"短片"},{"n":"校园","v":"校园"},{"n":"文艺","v":"文艺"},{"n":"运动","v":"运动"},{"n":"青春","v":"青春"},{"n":"同性","v":"同性"},{"n":"励志","v":"励志"},{"n":"人性","v":"人性"},{"n":"美食","v":"美食"},{"n":"女性","v":"女性"},{"n":"治愈","v":"治愈"},{"n":"历史","v":"历史"},{"n":"真人秀","v":"真人秀"},{"n":"脱口秀","v":"脱口秀"}]},{"key":"year","name":"年代","value":[{"n":"全部","v":""},{"n":"2026","v":"2026"},{"n":"2025","v":"2025"},{"n":"2024","v":"2024"},{"n":"2023","v":"2023"},{"n":"2022","v":"2022"},{"n":"2021","v":"2021"},{"n":"2020","v":"2020"},{"n":"2019","v":"2019"},{"n":"2018","v":"2018"},{"n":"2017","v":"2017"},{"n":"2016","v":"2016"},{"n":"2015","v":"2015"},{"n":"20年代","v":"120"},{"n":"10年代","v":"110"},{"n":"00年代","v":"100"},{"n":"90年代","v":"90"},{"n":"80年代","v":"80"},{"n":"70年代","v":"70"},{"n":"60年代","v":"60"},{"n":"更早","v":"1"}]},{"key":"area","name":"地区","value":[{"n":"全部","v":""},{"n":"大陆","v":"大陆"},{"n":"香港","v":"香港"},{"n":"台湾","v":"台湾"},{"n":"海外","v":"海外"},{"n":"欧美","v":"欧美"},{"n":"美国","v":"美国"},{"n":"日本","v":"日本"},{"n":"韩国","v":"韩国"},{"n":"英国","v":"英国"},{"n":"法国","v":"法国"},{"n":"德国","v":"德国"},{"n":"印度","v":"印度"},{"n":"泰国","v":"泰国"},{"n":"瑞典","v":"瑞典"},{"n":"巴西","v":"巴西"},{"n":"加拿大","v":"加拿大"},{"n":"俄罗斯","v":"俄罗斯"},{"n":"意大利","v":"意大利"},{"n":"比利时","v":"比利时"},{"n":"西班牙","v":"西班牙"},{"n":"澳大利亚","v":"澳大利亚"}]},{"key":"language","name":"语言","value":[{"n":"全部","v":""},{"n":"英语","v":"英语"},{"n":"法语","v":"法语"},{"n":"国语","v":"国语"},{"n":"粤语","v":"粤语"},{"n":"日语","v":"日语"},{"n":"韩语","v":"韩语"},{"n":"泰语","v":"泰语"},{"n":"德语","v":"德语"},{"n":"俄语","v":"俄语"},{"n":"闽南语","v":"闽南语"},{"n":"丹麦语","v":"丹麦语"},{"n":"波兰语","v":"波兰语"},{"n":"瑞典语","v":"瑞典语"},{"n":"印地语","v":"印地语"},{"n":"挪威语","v":"挪威语"},{"n":"意大利语","v":"意大利语"},{"n":"西班牙语","v":"西班牙语"},{"n":"无对白","v":"无对白"}]},{"key":"sort","name":"排序","value":[{"n":"更新时间","v":""},{"n":"添加时间","v":"addtime"},{"n":"首播时间","v":"date"},{"n":"评分最高","v":"score"},{"n":"评分人数","v":"number"},{"n":"评分总人数","v":"numbers"},{"n":"综合评分","v":"cscore"}]}],"ac":[{"key":"class","name":"类型","value":[{"n":"全部","v":""},{"n":"剧情","v":"剧情"},{"n":"萌系","v":"萌系"},{"n":"科幻","v":"科幻"},{"n":"日常","v":"日常"},{"n":"战斗","v":"战斗"},{"n":"战争","v":"战争"},{"n":"热血","v":"热血"},{"n":"机战","v":"机战"},{"n":"游戏","v":"游戏"},{"n":"搞笑","v":"搞笑"},{"n":"恋爱","v":"恋爱"},{"n":"后宫","v":"后宫"},{"n":"百合","v":"百合"},{"n":"基腐","v":"基腐"},{"n":"冒险","v":"冒险"},{"n":"儿童","v":"儿童"},{"n":"歌舞","v":"歌舞"},{"n":"音乐","v":"音乐"},{"n":"奇幻","v":"奇幻"},{"n":"恐怖","v":"恐怖"},{"n":"惊悚","v":"惊悚"},{"n":"犯罪","v":"犯罪"},{"n":"悬疑","v":"悬疑"},{"n":"西部","v":"西部"},{"n":"灾难","v":"灾难"},{"n":"古装","v":"古装"},{"n":"武侠","v":"武侠"},{"n":"泡面","v":"泡面"},{"n":"校园","v":"校园"},{"n":"运动","v":"运动"},{"n":"青春","v":"青春"},{"n":"美食","v":"美食"},{"n":"治愈","v":"治愈"},{"n":"致郁","v":"致郁"},{"n":"励志","v":"励志"},{"n":"历史","v":"历史"},{"n":"纪录","v":"纪录"},{"n":"异世界","v":"异世界"}]},{"key":"year","name":"年代","value":[{"n":"全部","v":""},{"n":"2026","v":"2026"},{"n":"2025","v":"2025"},{"n":"2024","v":"2024"},{"n":"2023","v":"2023"},{"n":"2022","v":"2022"},{"n":"2021","v":"2021"},{"n":"2020","v":"2020"},{"n":"2019","v":"2019"},{"n":"2018","v":"2018"},{"n":"2017","v":"2017"},{"n":"2016","v":"2016"},{"n":"2015","v":"2015"},{"n":"20年代","v":"120"},{"n":"10年代","v":"110"},{"n":"00年代","v":"100"},{"n":"90年代","v":"90"},{"n":"80年代","v":"80"},{"n":"70年代","v":"70"},{"n":"60年代","v":"60"},{"n":"更早","v":"1"}]},{"key":"area","name":"地区","value":[{"n":"全部","v":""},{"n":"大陆","v":"大陆"},{"n":"香港","v":"香港"},{"n":"台湾","v":"台湾"},{"n":"海外","v":"海外"},{"n":"欧美","v":"欧美"},{"n":"美国","v":"美国"},{"n":"日本","v":"日本"},{"n":"韩国","v":"韩国"},{"n":"英国","v":"英国"},{"n":"法国","v":"法国"},{"n":"德国","v":"德国"},{"n":"印度","v":"印度"},{"n":"泰国","v":"泰国"},{"n":"瑞典","v":"瑞典"},{"n":"巴西","v":"巴西"},{"n":"加拿大","v":"加拿大"},{"n":"俄罗斯","v":"俄罗斯"},{"n":"意大利","v":"意大利"},{"n":"比利时","v":"比利时"},{"n":"西班牙","v":"西班牙"},{"n":"澳大利亚","v":"澳大利亚"}]},{"key":"language","name":"语言","value":[{"n":"全部","v":""},{"n":"英语","v":"英语"},{"n":"法语","v":"法语"},{"n":"国语","v":"国语"},{"n":"粤语","v":"粤语"},{"n":"日语","v":"日语"},{"n":"韩语","v":"韩语"},{"n":"泰语","v":"泰语"},{"n":"德语","v":"德语"},{"n":"俄语","v":"俄语"},{"n":"闽南语","v":"闽南语"},{"n":"丹麦语","v":"丹麦语"},{"n":"波兰语","v":"波兰语"},{"n":"瑞典语","v":"瑞典语"},{"n":"印地语","v":"印地语"},{"n":"挪威语","v":"挪威语"},{"n":"意大利语","v":"意大利语"},{"n":"西班牙语","v":"西班牙语"},{"n":"无对白","v":"无对白"}]},{"key":"sort","name":"排序","value":[{"n":"更新时间","v":""},{"n":"添加时间","v":"addtime"},{"n":"首播时间","v":"date"},{"n":"评分最高","v":"score"},{"n":"评分人数","v":"number"},{"n":"评分总人数","v":"numbers"},{"n":"综合评分","v":"cscore"}]}]}